Player,Season,Nation,Nationality,Pos,Position,Age,MP,Starts,Min,90s,Gls,Ast,G+A,G-PK,PK,PKatt,CrdY,CrdR,xG,npxG,xAG,npxG+xAG,PrgC,PrgP,PrgR,Gls.1,Ast.1,G+A.1,G-PK.1,G+A-PK,xG.1,xAG.1,xG+xAG,npxG.1,npxG+xAG.1,Sh,SoT,SoT%,Sh/90,SoT/90,G/Sh,G/SoT,Dist,FK,npxG/Sh,G-xG,np:G-xG,Cmp,Att,Cmp%,TotDist,PrgDist,Cmp.1,Att.1,Cmp%.1,Cmp.2,Att.2,Cmp%.2,Cmp.3,Att.3,Cmp%.3,xA,A-xAG,KP,1/3,PPA,CrsPA,Live,Dead,TB,Sw,Crs,TI,CK,In,Out,Str,Off,Blocks,SCA,SCA90,PassLive,PassDead,TO,Fld,Def,GCA,GCA90,PassLive.1,PassDead.1,TO.1,Sh.1,Fld.1,Def.1,Tkl,TklW,Def_3rd,Mid_3rd,Att_3rd,Tkl.1,Tkl%,Lost,Pass,Int,Tkl+Int,Clr,Err,Touches,Def_Pen,Att_Pen,Succ,Succ%,Tkld,Tkld%,Carries,CPA,Mis,Dis,Rec,MarketValueEuro,Current club
Abraham Rando,2324,es ESP,,DF,,22,0,0,,,,,,,,,,,,,,,,,,,,,,,,,,,,,,,,,,,,,,,,,,,,,,,,,,,,,,,,,,,,,,,,,,,,,,,,,,,,,,,,,,,,,,,,,,,,,,,,,,,,,,,,,,,,,,,,,
Adrià Altimira,2324,es ESP,,"DF,MF",,22,11,10,775.0,8.6,0.0,0.0,0.0,0.0,0.0,0.0,3.0,0.0,0.0,0.0,0.1,0.1,10.0,29.0,15.0,0.0,0.0,0.0,0.0,0.0,0.0,0.01,0.02,0.0,0.02,1.0,0.0,0.0,0.12,0.0,0.0,,27.2,0.0,0.03,0.0,0.0,389.0,465.0,83.7,6578.0,2133.0,180.0,208.0,86.5,170.0,193.0,88.1,31.0,42.0,73.8,0.2,-0.1,2.0,25.0,5.0,2.0,400.0,65.0,0.0,1.0,5.0,60.0,0.0,0.0,0.0,0.0,0.0,10.0,6.0,0.7,6.0,0.0,0.0,0.0,0.0,1.0,0.12,1.0,0.0,0.0,0.0,0.0,0.0,16.0,7.0,9.0,6.0,1.0,9.0,37.5,15.0,13.0,5.0,21.0,18.0,0.0,552.0,38.0,2.0,11.0,68.8,4.0,25.0,257.0,0.0,7.0,5.0,329.0,,
Alassane Diatta,2425,sn SEN,,MF,,19,0,0,,,,,,,,,,,,,,,,,,,,,,,,,,,,,,,,,,,,,,,,,,,,,,,,,,,,,,,,,,,,,,,,,,,,,,,,,,,,,,,,,,,,,,,,,,,,,,,,,,,,,,,,,,,,,,,,,
Alberto Del Moral,2223,es ESP,Spain,MF,Central Midfield,22,1,0,5.0,0.1,0.0,0.0,0.0,0.0,0.0,0.0,0.0,0.0,0.0,0.0,0.0,0.0,0.0,0.0,0.0,0.0,0.0,0.0,0.0,0.0,0.0,0.0,0.0,0.0,0.0,0.0,0.0,,0.0,0.0,,,,0.0,,0.0,0.0,0.0,1.0,0.0,0.0,0.0,0.0,0.0,,0.0,0.0,,0.0,1.0,0.0,0.0,0.0,0.0,0.0,0.0,0.0,1.0,0.0,0.0,0.0,0.0,0.0,0.0,0.0,0.0,0.0,0.0,0.0,0.0,0.0,0.0,0.0,0.0,0.0,0.0,0.0,0.0,0.0,0.0,0.0,0.0,0.0,0.0,0.0,0.0,0.0,0.0,0.0,0.0,,0.0,0.0,0.0,0.0,0.0,0.0,1.0,0.0,0.0,0.0,,0.0,,1.0,0.0,0.0,0.0,1.0,1000000.0,Villarreal CF
Alberto Moreno,2223,es ESP,Spain,DF,Left-Back,30,24,14,1296.0,14.4,0.0,1.0,1.0,0.0,0.0,0.0,7.0,0.0,0.9,0.9,1.4,2.3,41.0,47.0,97.0,0.0,0.07,0.07,0.0,0.07,0.07,0.1,0.16,0.07,0.16,15.0,3.0,20.0,1.04,0.21,0.0,0.0,20.7,2.0,0.06,-0.9,-0.9,605.0,730.0,82.9,9845.0,2768.0,298.0,329.0,90.6,252.0,283.0,89.0,36.0,64.0,56.3,1.9,-0.4,12.0,18.0,24.0,6.0,617.0,107.0,1.0,4.0,36.0,85.0,7.0,3.0,3.0,0.0,6.0,13.0,28.0,1.94,24.0,2.0,1.0,0.0,0.0,2.0,0.14,2.0,0.0,0.0,0.0,0.0,0.0,23.0,12.0,10.0,10.0,3.0,11.0,45.8,13.0,11.0,23.0,46.0,26.0,0.0,872.0,27.0,28.0,6.0,37.5,8.0,50.0,490.0,7.0,17.0,6.0,549.0,3000000.0,Villarreal CF
Alberto Moreno,2324,es ESP,,DF,,31,27,17,1484.0,16.5,2.0,2.0,4.0,2.0,0.0,0.0,5.0,2.0,0.7,0.7,1.6,2.4,26.0,55.0,79.0,0.12,0.12,0.24,0.12,0.24,0.04,0.1,0.14,0.04,0.14,17.0,5.0,29.4,1.03,0.3,0.12,0.4,19.8,0.0,0.04,1.3,1.3,586.0,733.0,79.9,10373.0,3766.0,272.0,307.0,88.6,246.0,291.0,84.5,60.0,104.0,57.7,1.8,0.4,16.0,35.0,23.0,9.0,628.0,100.0,0.0,11.0,49.0,85.0,2.0,1.0,1.0,0.0,5.0,14.0,36.0,2.18,27.0,2.0,0.0,4.0,0.0,8.0,0.49,5.0,1.0,0.0,1.0,1.0,0.0,31.0,21.0,19.0,10.0,2.0,10.0,33.3,20.0,10.0,24.0,55.0,33.0,0.0,885.0,53.0,27.0,5.0,50.0,4.0,40.0,402.0,2.0,17.0,3.0,523.0,,
Alex Baena,2223,es ESP,,"MF,FW",,21,35,19,1947.0,21.6,6.0,2.0,8.0,6.0,0.0,0.0,13.0,1.0,3.9,3.9,5.2,9.1,50.0,124.0,110.0,0.28,0.09,0.37,0.28,0.37,0.18,0.24,0.42,0.18,0.42,62.0,22.0,35.5,2.87,1.02,0.1,0.27,22.6,3.0,0.06,2.1,2.1,681.0,859.0,79.3,11154.0,3034.0,340.0,380.0,89.5,257.0,301.0,85.4,59.0,100.0,59.0,3.8,-3.2,31.0,75.0,43.0,3.0,831.0,23.0,21.0,3.0,26.0,2.0,8.0,6.0,0.0,0.0,5.0,30.0,79.0,3.65,58.0,0.0,8.0,5.0,0.0,8.0,0.37,5.0,0.0,0.0,2.0,1.0,0.0,30.0,17.0,9.0,15.0,6.0,15.0,33.3,30.0,12.0,7.0,37.0,16.0,0.0,1103.0,28.0,66.0,27.0,43.5,25.0,40.3,752.0,14.0,41.0,34.0,873.0,,
Alex Baena,2324,es ESP,,"MF,FW",,22,34,33,2579.0,28.7,2.0,14.0,16.0,2.0,0.0,1.0,11.0,1.0,7.9,7.1,9.2,16.3,84.0,165.0,181.0,0.07,0.49,0.56,0.07,0.56,0.27,0.32,0.6,0.25,0.57,72.0,25.0,34.7,2.51,0.87,0.03,0.08,20.8,5.0,0.1,-5.9,-5.1,893.0,1255.0,71.2,16899.0,5861.0,394.0,460.0,85.7,351.0,467.0,75.2,129.0,244.0,52.9,9.5,4.8,83.0,95.0,59.0,15.0,1087.0,153.0,28.0,15.0,175.0,15.0,95.0,44.0,37.0,1.0,15.0,32.0,151.0,5.27,93.0,34.0,10.0,2.0,3.0,22.0,0.77,14.0,5.0,0.0,2.0,0.0,1.0,34.0,21.0,10.0,16.0,8.0,20.0,42.6,27.0,21.0,13.0,47.0,17.0,1.0,1550.0,29.0,102.0,26.0,49.1,24.0,45.3,908.0,23.0,66.0,33.0,1120.0,,
Alex Baena,2425,es ESP,,"MF,FW",,23,32,30,2595.0,28.8,7.0,9.0,16.0,7.0,0.0,1.0,9.0,0.0,7.1,6.3,11.7,18.1,91.0,189.0,154.0,0.24,0.31,0.55,0.24,0.55,0.25,0.41,0.65,0.22,0.63,69.0,17.0,24.6,2.39,0.59,0.1,0.41,21.0,8.0,0.09,-0.1,0.7,857.0,1287.0,66.6,17433.0,6579.0,314.0,394.0,79.7,393.0,535.0,73.5,138.0,278.0,49.6,12.6,-2.7,95.0,95.0,72.0,19.0,1082.0,192.0,22.0,20.0,207.0,24.0,107.0,43.0,42.0,0.0,13.0,41.0,169.0,5.86,108.0,41.0,4.0,4.0,1.0,21.0,0.73,17.0,2.0,1.0,0.0,1.0,0.0,28.0,15.0,6.0,14.0,8.0,10.0,25.6,29.0,27.0,22.0,50.0,22.0,2.0,1569.0,23.0,89.0,21.0,37.5,27.0,48.2,895.0,15.0,42.0,32.0,1044.0,,
Alexander Sørloth,2324,no NOR,,FW,,27,34,30,2489.0,27.7,23.0,6.0,29.0,23.0,0.0,0.0,3.0,0.0,12.3,12.3,4.4,16.7,48.0,40.0,159.0,0.83,0.22,1.05,0.83,1.05,0.44,0.16,0.6,0.44,0.6,78.0,36.0,46.2,2.82,1.3,0.29,0.64,12.1,0.0,0.16,10.7,10.7,357.0,476.0,75.0,4827.0,666.0,228.0,271.0,84.1,107.0,142.0,75.4,11.0,20.0,55.0,3.0,1.6,34.0,19.0,15.0,1.0,448.0,22.0,2.0,0.0,7.0,1.0,0.0,0.0,0.0,0.0,6.0,15.0,68.0,2.46,51.0,0.0,6.0,2.0,1.0,17.0,0.61,8.0,0.0,2.0,5.0,2.0,0.0,6.0,3.0,1.0,2.0,3.0,2.0,33.3,4.0,5.0,0.0,6.0,26.0,0.0,797.0,33.0,150.0,30.0,41.7,40.0,55.6,474.0,29.0,97.0,61.0,638.0,,
Alfonso Pedraza,2223,es ESP,Spain,DF,Left-Back,26,26,20,1633.0,18.1,0.0,3.0,3.0,0.0,0.0,0.0,5.0,0.0,1.2,1.2,2.0,3.2,68.0,31.0,145.0,0.0,0.17,0.17,0.0,0.17,0.07,0.11,0.18,0.07,0.18,26.0,10.0,38.5,1.43,0.55,0.0,0.0,18.4,0.0,0.05,-1.2,-1.2,641.0,832.0,77.0,9606.0,2553.0,366.0,401.0,91.3,221.0,283.0,78.1,35.0,80.0,43.8,1.3,1.0,18.0,22.0,19.0,9.0,673.0,158.0,0.0,2.0,76.0,148.0,2.0,1.0,0.0,0.0,1.0,32.0,39.0,2.15,30.0,0.0,5.0,0.0,1.0,5.0,0.28,4.0,0.0,1.0,0.0,0.0,0.0,35.0,26.0,20.0,10.0,5.0,19.0,65.5,10.0,18.0,18.0,53.0,31.0,0.0,1049.0,44.0,47.0,21.0,35.6,32.0,54.2,555.0,14.0,30.0,14.0,607.0,15000000.0,Villarreal CF
Alfonso Pedraza,2324,es ESP,,DF,,27,19,14,1116.0,12.4,1.0,3.0,4.0,1.0,0.0,0.0,4.0,1.0,0.6,0.6,3.6,4.2,56.0,31.0,97.0,0.08,0.24,0.32,0.08,0.32,0.05,0.29,0.34,0.05,0.34,9.0,4.0,44.4,0.73,0.32,0.11,0.25,16.5,0.0,0.07,0.4,0.4,459.0,598.0,76.8,7479.0,2335.0,251.0,278.0,90.3,177.0,221.0,80.1,27.0,60.0,45.0,2.3,-0.6,20.0,17.0,24.0,14.0,482.0,113.0,2.0,7.0,58.0,100.0,0.0,0.0,0.0,0.0,3.0,25.0,32.0,2.58,25.0,1.0,1.0,1.0,0.0,3.0,0.24,2.0,0.0,0.0,1.0,0.0,0.0,25.0,9.0,18.0,5.0,2.0,9.0,52.9,8.0,9.0,13.0,38.0,19.0,0.0,734.0,42.0,26.0,10.0,33.3,19.0,63.3,404.0,10.0,12.0,2.0,441.0,,
Alfonso Pedraza,2425,es ESP,Spain,"DF,MF",Left-Back,28,12,4,460.0,5.1,0.0,2.0,2.0,0.0,0.0,0.0,0.0,0.0,0.5,0.5,1.4,1.9,21.0,9.0,43.0,0.0,0.39,0.39,0.0,0.39,0.09,0.27,0.37,0.09,0.37,5.0,2.0,40.0,0.98,0.39,0.0,0.0,13.9,0.0,0.09,-0.5,-0.5,157.0,213.0,73.7,2500.0,918.0,81.0,84.0,96.4,59.0,78.0,75.6,10.0,26.0,38.5,1.4,0.6,9.0,7.0,8.0,6.0,187.0,26.0,2.0,1.0,26.0,23.0,0.0,0.0,0.0,0.0,0.0,13.0,17.0,3.33,12.0,1.0,2.0,0.0,0.0,3.0,0.59,2.0,0.0,0.0,1.0,0.0,0.0,3.0,2.0,2.0,0.0,1.0,2.0,50.0,2.0,2.0,6.0,9.0,16.0,0.0,274.0,17.0,16.0,9.0,47.4,9.0,47.4,155.0,6.0,5.0,2.0,165.0,2500000.0,Villarreal CF
Antonio Espigare,2425,es ESP,,DF,,19,0,0,,,,,,,,,,,,,,,,,,,,,,,,,,,,,,,,,,,,,,,,,,,,,,,,,,,,,,,,,,,,,,,,,,,,,,,,,,,,,,,,,,,,,,,,,,,,,,,,,,,,,,,,,,,,,,,,,
Arnau Solà,2425,es ESP,,MF,,21,1,0,13.0,0.1,0.0,0.0,0.0,0.0,0.0,0.0,0.0,0.0,0.0,0.0,0.0,0.0,0.0,0.0,0.0,0.0,0.0,0.0,0.0,0.0,0.0,0.0,0.0,0.0,0.0,0.0,0.0,,0.0,0.0,,,,0.0,,0.0,0.0,1.0,2.0,50.0,11.0,3.0,1.0,2.0,50.0,0.0,0.0,,0.0,0.0,,0.0,0.0,0.0,0.0,0.0,0.0,2.0,0.0,0.0,0.0,0.0,0.0,0.0,0.0,0.0,0.0,0.0,0.0,0.0,0.0,0.0,0.0,0.0,0.0,0.0,0.0,0.0,0.0,0.0,0.0,0.0,0.0,0.0,0.0,0.0,0.0,0.0,0.0,0.0,0.0,2.0,0.0,0.0,0.0,0.0,0.0,3.0,0.0,0.0,0.0,,0.0,,1.0,0.0,0.0,0.0,2.0,,
Arnaut Danjuma,2223,nl NED,Netherlands,FW,Left Winger,25,10,6,479.0,5.3,2.0,0.0,2.0,1.0,1.0,1.0,0.0,0.0,2.7,1.9,0.4,2.3,12.0,2.0,35.0,0.38,0.0,0.38,0.19,0.19,0.5,0.07,0.58,0.36,0.43,11.0,4.0,36.4,2.07,0.75,0.09,0.25,16.7,0.0,0.17,-0.7,-0.9,70.0,95.0,73.7,999.0,169.0,44.0,61.0,72.1,20.0,26.0,76.9,2.0,3.0,66.7,0.3,-0.4,5.0,3.0,3.0,2.0,83.0,12.0,0.0,0.0,6.0,2.0,2.0,0.0,0.0,0.0,0.0,1.0,13.0,2.44,7.0,0.0,1.0,3.0,1.0,0.0,0.0,0.0,0.0,0.0,0.0,0.0,0.0,3.0,3.0,1.0,0.0,2.0,1.0,50.0,1.0,0.0,0.0,3.0,1.0,1.0,135.0,2.0,23.0,3.0,37.5,4.0,50.0,88.0,8.0,11.0,6.0,103.0,25000000.0,Villarreal CF
Arnaut Danjuma,2425,nl NED,Netherlands,FW,Left Winger,27,3,3,200.0,2.2,2.0,0.0,2.0,2.0,0.0,0.0,1.0,0.0,0.8,0.8,0.0,0.8,4.0,1.0,17.0,0.9,0.0,0.9,0.9,0.9,0.37,0.01,0.38,0.37,0.38,6.0,3.0,50.0,2.7,1.35,0.33,0.67,13.9,0.0,0.14,1.2,1.2,23.0,30.0,76.7,359.0,40.0,11.0,15.0,73.3,10.0,12.0,83.3,1.0,2.0,50.0,0.0,0.0,1.0,1.0,0.0,0.0,28.0,2.0,0.0,1.0,0.0,0.0,0.0,0.0,0.0,0.0,0.0,1.0,2.0,0.9,2.0,0.0,0.0,0.0,0.0,0.0,0.0,0.0,0.0,0.0,0.0,0.0,0.0,2.0,1.0,0.0,1.0,1.0,0.0,0.0,1.0,1.0,0.0,2.0,0.0,0.0,48.0,0.0,8.0,0.0,0.0,4.0,100.0,25.0,2.0,3.0,0.0,36.0,4000000.0,Villarreal CF
Ayoze Pérez,2425,es ESP,Spain,FW,Centre-Forward,31,30,22,1970.0,21.9,19.0,2.0,21.0,19.0,0.0,0.0,4.0,0.0,12.7,12.7,3.0,15.7,59.0,73.0,124.0,0.87,0.09,0.96,0.87,0.96,0.58,0.13,0.71,0.58,0.71,75.0,31.0,41.3,3.43,1.42,0.25,0.61,14.2,0.0,0.18,6.3,6.3,314.0,414.0,75.8,5024.0,1316.0,143.0,175.0,81.7,138.0,166.0,83.1,19.0,30.0,63.3,1.9,-1.0,32.0,37.0,21.0,5.0,369.0,41.0,8.0,0.0,15.0,1.0,0.0,0.0,0.0,0.0,4.0,12.0,72.0,3.26,50.0,0.0,9.0,4.0,2.0,5.0,0.23,2.0,0.0,2.0,1.0,0.0,0.0,27.0,14.0,5.0,18.0,4.0,6.0,25.0,18.0,17.0,8.0,35.0,15.0,0.0,705.0,7.0,136.0,34.0,43.6,36.0,46.2,429.0,33.0,62.0,34.0,514.0,10000000.0,Villarreal CF
Aïssa Mandi,2223,dz ALG,Algeria,DF,Centre-Back,30,21,16,1461.0,16.2,0.0,0.0,0.0,0.0,0.0,0.0,1.0,0.0,0.1,0.1,0.3,0.4,7.0,36.0,9.0,0.0,0.0,0.0,0.0,0.0,0.01,0.02,0.03,0.01,0.03,2.0,2.0,100.0,0.12,0.12,0.0,0.0,19.9,0.0,0.05,-0.1,-0.1,826.0,911.0,90.7,16064.0,5793.0,288.0,303.0,95.0,427.0,462.0,92.4,98.0,120.0,81.7,0.4,-0.3,4.0,30.0,3.0,0.0,857.0,52.0,1.0,12.0,2.0,24.0,0.0,0.0,0.0,0.0,2.0,4.0,9.0,0.55,8.0,1.0,0.0,0.0,0.0,2.0,0.12,2.0,0.0,0.0,0.0,0.0,0.0,18.0,10.0,14.0,3.0,1.0,6.0,50.0,6.0,5.0,21.0,39.0,58.0,0.0,1051.0,143.0,6.0,1.0,33.3,1.0,33.3,614.0,0.0,3.0,2.0,726.0,3000000.0,Villarreal CF
Aïssa Mandi,2324,dz ALG,,DF,,31,16,12,1113.0,12.4,1.0,0.0,1.0,1.0,0.0,0.0,3.0,0.0,0.6,0.6,0.7,1.3,6.0,55.0,4.0,0.08,0.0,0.08,0.08,0.08,0.05,0.05,0.1,0.05,0.1,4.0,2.0,50.0,0.32,0.16,0.25,0.5,12.8,0.0,0.16,0.4,0.4,671.0,734.0,91.4,13380.0,5393.0,235.0,257.0,91.4,343.0,355.0,96.6,88.0,108.0,81.5,0.4,-0.7,2.0,57.0,4.0,0.0,688.0,45.0,2.0,3.0,0.0,4.0,0.0,0.0,0.0,0.0,1.0,4.0,15.0,1.21,15.0,0.0,0.0,0.0,0.0,0.0,0.0,0.0,0.0,0.0,0.0,0.0,0.0,13.0,8.0,8.0,5.0,0.0,7.0,50.0,7.0,3.0,8.0,21.0,41.0,0.0,825.0,139.0,6.0,0.0,,0.0,,450.0,0.0,2.0,2.0,579.0,,
Ben Brereton,2324,cl CHI,,"FW,MF",,24,14,2,270.0,3.0,0.0,0.0,0.0,0.0,0.0,0.0,2.0,0.0,0.2,0.2,0.3,0.5,6.0,14.0,35.0,0.0,0.0,0.0,0.0,0.0,0.07,0.09,0.16,0.07,0.16,5.0,1.0,20.0,1.67,0.33,0.0,0.0,18.1,0.0,0.04,-0.2,-0.2,55.0,74.0,74.3,869.0,208.0,27.0,37.0,73.0,23.0,27.0,85.2,3.0,4.0,75.0,0.2,-0.3,2.0,3.0,2.0,0.0,73.0,1.0,1.0,0.0,4.0,1.0,0.0,0.0,0.0,0.0,0.0,4.0,4.0,1.33,2.0,0.0,0.0,0.0,1.0,0.0,0.0,0.0,0.0,0.0,0.0,0.0,0.0,2.0,2.0,1.0,0.0,1.0,0.0,0.0,2.0,0.0,0.0,2.0,0.0,0.0,109.0,1.0,13.0,2.0,20.0,8.0,80.0,75.0,3.0,5.0,5.0,91.0,,
Bertrand Traoré,2324,bf BFA,,MF,,27,11,6,568.0,6.3,1.0,0.0,1.0,1.0,0.0,0.0,4.0,0.0,0.9,0.9,0.4,1.3,29.0,30.0,63.0,0.16,0.0,0.16,0.16,0.16,0.15,0.06,0.21,0.15,0.21,20.0,7.0,35.0,3.17,1.11,0.05,0.14,19.4,0.0,0.05,0.1,0.1,167.0,213.0,78.4,2751.0,847.0,88.0,108.0,81.5,55.0,68.0,80.9,17.0,26.0,65.4,0.7,-0.4,5.0,13.0,12.0,2.0,204.0,8.0,2.0,2.0,9.0,2.0,5.0,1.0,0.0,0.0,1.0,3.0,16.0,2.54,11.0,1.0,1.0,2.0,0.0,3.0,0.48,2.0,0.0,0.0,1.0,0.0,0.0,5.0,4.0,2.0,1.0,2.0,1.0,25.0,3.0,6.0,1.0,6.0,2.0,0.0,305.0,2.0,24.0,8.0,29.6,19.0,70.4,200.0,7.0,16.0,6.0,242.0,,
Carlo,2223,es ESP,,MF,,21,0,0,,,,,,,,,,,,,,,,,,,,,,,,,,,,,,,,,,,,,,,,,,,,,,,,,,,,,,,,,,,,,,,,,,,,,,,,,,,,,,,,,,,,,,,,,,,,,,,,,,,,,,,,,,,,,,,,,
Carlos Romero,2223,es ESP,Spain,DF,Left-Back,20,0,0,,,,,,,,,,,,,,,,,,,,,,,,,,,,,,,,,,,,,,,,,,,,,,,,,,,,,,,,,,,,,,,,,,,,,,,,,,,,,,,,,,,,,,,,,,,,,,,,,,,,,,,,,,,,,,,,100000.0,Villarreal CF
Carlos Romero,2324,es ESP,,DF,,21,7,2,262.0,2.9,0.0,0.0,0.0,0.0,0.0,0.0,1.0,0.0,0.4,0.4,0.0,0.4,6.0,6.0,21.0,0.0,0.0,0.0,0.0,0.0,0.14,0.0,0.14,0.14,0.14,2.0,1.0,50.0,0.69,0.34,0.0,0.0,11.1,0.0,0.2,-0.4,-0.4,113.0,164.0,68.9,1883.0,736.0,60.0,74.0,81.1,45.0,62.0,72.6,7.0,19.0,36.8,0.2,0.0,0.0,5.0,1.0,0.0,130.0,33.0,0.0,1.0,11.0,33.0,0.0,0.0,0.0,0.0,1.0,9.0,1.0,0.34,1.0,0.0,0.0,0.0,0.0,1.0,0.34,1.0,0.0,0.0,0.0,0.0,0.0,11.0,5.0,8.0,1.0,2.0,7.0,58.3,5.0,3.0,1.0,12.0,11.0,0.0,203.0,16.0,7.0,3.0,50.0,3.0,50.0,83.0,1.0,5.0,2.0,102.0,,
Daniel Budesca,2324,es ESP,,DF,,17,0,0,,,,,,,,,,,,,,,,,,,,,,,,,,,,,,,,,,,,,,,,,,,,,,,,,,,,,,,,,,,,,,,,,,,,,,,,,,,,,,,,,,,,,,,,,,,,,,,,,,,,,,,,,,,,,,,,,
Daniel Parejo,2223,es ESP,Spain,MF,Central Midfield,33,37,37,3285.0,36.5,3.0,4.0,7.0,1.0,2.0,4.0,6.0,0.0,4.7,1.3,4.1,5.4,26.0,250.0,32.0,0.08,0.11,0.19,0.03,0.14,0.13,0.11,0.24,0.04,0.15,26.0,8.0,30.8,0.71,0.22,0.04,0.13,27.9,12.0,0.05,-1.7,-0.3,2224.0,2569.0,86.6,40111.0,13261.0,1001.0,1069.0,93.6,915.0,1001.0,91.4,255.0,393.0,64.9,5.1,-0.1,50.0,271.0,35.0,3.0,2249.0,310.0,7.0,29.0,144.0,5.0,127.0,57.0,34.0,4.0,10.0,29.0,113.0,3.1,84.0,26.0,1.0,1.0,0.0,11.0,0.3,8.0,2.0,0.0,1.0,0.0,0.0,71.0,40.0,32.0,23.0,16.0,30.0,40.0,45.0,28.0,29.0,100.0,31.0,2.0,2855.0,106.0,14.0,29.0,70.7,9.0,22.0,1600.0,0.0,31.0,35.0,1977.0,6000000.0,Villarreal CF
Daniel Parejo,2324,es ESP,,MF,,34,33,29,2580.0,28.7,3.0,5.0,8.0,0.0,3.0,3.0,4.0,0.0,2.9,0.6,3.0,3.6,11.0,210.0,28.0,0.1,0.17,0.28,0.0,0.17,0.1,0.1,0.21,0.02,0.12,9.0,3.0,33.3,0.31,0.1,0.0,0.0,27.1,2.0,0.06,0.1,-0.6,1624.0,1847.0,87.9,30326.0,10494.0,658.0,708.0,92.9,741.0,786.0,94.3,200.0,282.0,70.9,4.0,2.0,34.0,177.0,28.0,5.0,1668.0,166.0,5.0,13.0,57.0,2.0,48.0,24.0,14.0,1.0,13.0,22.0,79.0,2.76,55.0,21.0,0.0,0.0,1.0,10.0,0.35,7.0,2.0,0.0,1.0,0.0,0.0,43.0,30.0,16.0,21.0,6.0,20.0,43.5,26.0,16.0,21.0,64.0,29.0,3.0,2021.0,87.0,10.0,19.0,63.3,9.0,30.0,1055.0,1.0,15.0,23.0,1471.0,,
Daniel Parejo,2425,es ESP,Spain,MF,Central Midfield,35,36,26,2273.0,25.3,3.0,3.0,6.0,2.0,1.0,2.0,8.0,0.0,2.5,0.8,1.8,2.7,19.0,176.0,26.0,0.12,0.12,0.24,0.08,0.2,0.1,0.07,0.17,0.03,0.11,12.0,2.0,16.7,0.48,0.08,0.17,1.0,22.8,0.0,0.07,0.5,1.2,1354.0,1548.0,87.5,25577.0,7819.0,536.0,581.0,92.3,634.0,690.0,91.9,168.0,235.0,71.5,1.9,1.2,23.0,176.0,17.0,3.0,1448.0,96.0,3.0,14.0,37.0,1.0,35.0,16.0,8.0,2.0,4.0,12.0,77.0,3.05,61.0,13.0,0.0,1.0,0.0,12.0,0.48,10.0,1.0,0.0,1.0,0.0,0.0,52.0,40.0,27.0,20.0,5.0,29.0,53.7,25.0,17.0,24.0,76.0,40.0,1.0,1732.0,90.0,12.0,8.0,66.7,3.0,25.0,898.0,0.0,17.0,13.0,1200.0,1500000.0,Villarreal CF
Daniel Requena,2425,es ESP,,MF,,20,1,0,10.0,0.1,0.0,0.0,0.0,0.0,0.0,0.0,0.0,0.0,0.0,0.0,0.0,0.0,0.0,0.0,1.0,0.0,0.0,0.0,0.0,0.0,0.0,0.0,0.0,0.0,0.0,0.0,0.0,,0.0,0.0,,,,0.0,,0.0,0.0,4.0,5.0,80.0,48.0,9.0,3.0,3.0,100.0,1.0,1.0,100.0,0.0,0.0,,0.0,0.0,0.0,0.0,0.0,0.0,5.0,0.0,0.0,0.0,0.0,0.0,0.0,0.0,0.0,0.0,0.0,1.0,0.0,0.0,0.0,0.0,0.0,0.0,0.0,0.0,0.0,0.0,0.0,0.0,0.0,0.0,0.0,0.0,0.0,0.0,0.0,0.0,0.0,,0.0,0.0,0.0,0.0,0.0,0.0,5.0,0.0,1.0,0.0,,0.0,,2.0,0.0,0.0,0.0,5.0,,
Denis Suárez,2324,es ESP,,"MF,FW",,29,4,1,133.0,1.5,0.0,0.0,0.0,0.0,0.0,0.0,0.0,0.0,0.1,0.1,0.3,0.4,4.0,13.0,7.0,0.0,0.0,0.0,0.0,0.0,0.06,0.18,0.24,0.06,0.24,1.0,0.0,0.0,0.68,0.0,0.0,,11.5,0.0,0.09,-0.1,-0.1,79.0,94.0,84.0,1324.0,518.0,38.0,43.0,88.4,34.0,38.0,89.5,5.0,8.0,62.5,0.6,-0.3,3.0,11.0,2.0,1.0,82.0,12.0,0.0,1.0,4.0,1.0,2.0,2.0,0.0,0.0,0.0,1.0,8.0,5.37,7.0,1.0,0.0,0.0,0.0,0.0,0.0,0.0,0.0,0.0,0.0,0.0,0.0,0.0,0.0,0.0,0.0,0.0,0.0,0.0,2.0,0.0,0.0,0.0,4.0,0.0,114.0,7.0,5.0,5.0,50.0,3.0,30.0,60.0,1.0,3.0,2.0,79.0,,
Denis Suárez,2425,es ESP,Spain,MF,Attacking Midfield,30,21,7,608.0,6.8,1.0,1.0,2.0,1.0,0.0,0.0,0.0,0.0,0.9,0.9,1.5,2.4,27.0,35.0,24.0,0.15,0.15,0.3,0.15,0.3,0.14,0.22,0.36,0.14,0.36,10.0,3.0,30.0,1.48,0.44,0.1,0.33,15.5,0.0,0.09,0.1,0.1,228.0,291.0,78.4,3710.0,1203.0,123.0,141.0,87.2,77.0,90.0,85.6,20.0,39.0,51.3,1.8,-0.5,14.0,21.0,8.0,3.0,265.0,22.0,0.0,5.0,25.0,3.0,11.0,2.0,7.0,0.0,4.0,8.0,28.0,4.14,20.0,6.0,0.0,0.0,0.0,3.0,0.44,3.0,0.0,0.0,0.0,0.0,0.0,12.0,8.0,7.0,2.0,3.0,4.0,40.0,6.0,3.0,3.0,15.0,3.0,0.0,358.0,5.0,23.0,10.0,58.8,5.0,29.4,197.0,5.0,13.0,8.0,257.0,1200000.0,Villarreal CF
Diego Collado,2223,es ESP,Spain,FW,Left Winger,21,2,0,6.0,0.1,0.0,0.0,0.0,0.0,0.0,0.0,0.0,0.0,0.0,0.0,0.0,0.0,0.0,1.0,3.0,0.0,0.0,0.0,0.0,0.0,0.0,0.0,0.0,0.0,0.0,0.0,0.0,,0.0,0.0,,,,0.0,,0.0,0.0,5.0,7.0,71.4,111.0,15.0,2.0,3.0,66.7,2.0,2.0,100.0,1.0,1.0,100.0,0.0,0.0,0.0,0.0,0.0,0.0,7.0,0.0,0.0,0.0,2.0,0.0,0.0,0.0,0.0,0.0,0.0,1.0,0.0,0.0,0.0,0.0,0.0,0.0,0.0,0.0,0.0,0.0,0.0,0.0,0.0,0.0,0.0,0.0,0.0,0.0,0.0,0.0,0.0,,0.0,0.0,0.0,0.0,0.0,0.0,8.0,0.0,1.0,0.0,,0.0,,3.0,0.0,0.0,0.0,6.0,1000000.0,Villarreal CF
Diego Conde,2425,es ESP,Spain,GK,Goalkeeper,25,22,22,1962.0,21.8,0.0,1.0,1.0,0.0,0.0,0.0,2.0,0.0,0.0,0.0,0.2,0.2,0.0,0.0,0.0,0.0,0.05,0.05,0.0,0.05,0.0,0.01,0.01,0.0,0.01,0.0,0.0,,0.0,0.0,,,,0.0,,0.0,0.0,519.0,640.0,81.1,12478.0,8097.0,123.0,124.0,99.2,284.0,290.0,97.9,109.0,222.0,49.1,0.0,0.8,2.0,7.0,1.0,0.0,500.0,139.0,0.0,0.0,0.0,0.0,0.0,0.0,0.0,0.0,1.0,0.0,3.0,0.14,1.0,2.0,0.0,0.0,0.0,1.0,0.05,1.0,0.0,0.0,0.0,0.0,0.0,2.0,2.0,2.0,0.0,0.0,2.0,50.0,2.0,0.0,1.0,3.0,9.0,2.0,696.0,602.0,0.0,0.0,,0.0,,393.0,0.0,1.0,0.0,347.0,7500000.0,Villarreal CF
Eric Bailly,2324,ci CIV,,DF,,29,10,9,839.0,9.3,0.0,0.0,0.0,0.0,0.0,0.0,4.0,0.0,0.2,0.2,0.0,0.2,3.0,18.0,1.0,0.0,0.0,0.0,0.0,0.0,0.02,0.0,0.02,0.02,0.02,2.0,0.0,0.0,0.21,0.0,0.0,,9.7,0.0,0.11,-0.2,-0.2,337.0,385.0,87.5,6283.0,2551.0,112.0,123.0,91.1,191.0,210.0,91.0,29.0,41.0,70.7,0.0,0.0,0.0,12.0,1.0,0.0,359.0,24.0,0.0,1.0,0.0,0.0,0.0,0.0,0.0,0.0,2.0,2.0,3.0,0.32,2.0,0.0,1.0,0.0,0.0,1.0,0.11,1.0,0.0,0.0,0.0,0.0,0.0,5.0,3.0,4.0,1.0,0.0,2.0,100.0,0.0,0.0,9.0,14.0,38.0,2.0,459.0,79.0,3.0,7.0,87.5,0.0,0.0,243.0,0.0,4.0,3.0,288.0,,
Eric Bailly,2425,ci CIV,Cote d'Ivoire,DF,Centre-Back,30,12,8,617.0,6.9,0.0,0.0,0.0,0.0,0.0,0.0,2.0,1.0,0.3,0.3,0.0,0.3,1.0,18.0,0.0,0.0,0.0,0.0,0.0,0.0,0.05,0.0,0.05,0.05,0.05,4.0,0.0,0.0,0.58,0.0,0.0,,7.8,0.0,0.08,-0.3,-0.3,280.0,320.0,87.5,5019.0,1914.0,103.0,109.0,94.5,150.0,165.0,90.9,23.0,41.0,56.1,0.0,0.0,0.0,18.0,0.0,0.0,300.0,19.0,0.0,0.0,0.0,2.0,0.0,0.0,0.0,0.0,1.0,1.0,2.0,0.29,1.0,0.0,0.0,0.0,0.0,0.0,0.0,0.0,0.0,0.0,0.0,0.0,0.0,12.0,4.0,6.0,6.0,0.0,3.0,75.0,1.0,6.0,6.0,18.0,29.0,0.0,394.0,57.0,5.0,3.0,100.0,0.0,0.0,200.0,0.0,6.0,1.0,251.0,2000000.0,Villarreal CF
Fernando Niño,2223,es ESP,,"MF,FW",,21,3,0,22.0,0.2,0.0,0.0,0.0,0.0,0.0,0.0,0.0,0.0,0.1,0.1,0.0,0.1,0.0,0.0,4.0,0.0,0.0,0.0,0.0,0.0,0.31,0.0,0.31,0.31,0.31,1.0,0.0,0.0,4.09,0.0,0.0,,11.9,0.0,0.08,-0.1,-0.1,5.0,5.0,100.0,62.0,0.0,4.0,4.0,100.0,1.0,1.0,100.0,0.0,0.0,,0.0,0.0,0.0,0.0,0.0,0.0,5.0,0.0,0.0,0.0,0.0,0.0,0.0,0.0,0.0,0.0,0.0,0.0,1.0,4.09,1.0,0.0,0.0,0.0,0.0,0.0,0.0,0.0,0.0,0.0,0.0,0.0,0.0,0.0,0.0,0.0,0.0,0.0,0.0,,0.0,0.0,0.0,0.0,0.0,0.0,9.0,0.0,1.0,0.0,0.0,1.0,100.0,8.0,0.0,2.0,0.0,9.0,,
Filip Jørgensen,2223,dk DEN,Denmark,GK,Goalkeeper,20,2,2,180.0,2.0,0.0,0.0,0.0,0.0,0.0,0.0,0.0,0.0,0.0,0.0,0.0,0.0,0.0,0.0,0.0,0.0,0.0,0.0,0.0,0.0,0.0,0.0,0.0,0.0,0.0,0.0,0.0,,0.0,0.0,,,,0.0,,0.0,0.0,49.0,55.0,89.1,908.0,552.0,16.0,16.0,100.0,27.0,28.0,96.4,6.0,11.0,54.5,0.0,0.0,0.0,0.0,0.0,0.0,41.0,14.0,0.0,0.0,0.0,0.0,0.0,0.0,0.0,0.0,0.0,0.0,0.0,0.0,0.0,0.0,0.0,0.0,0.0,0.0,0.0,0.0,0.0,0.0,0.0,0.0,0.0,0.0,0.0,0.0,0.0,0.0,0.0,0.0,1.0,0.0,0.0,0.0,0.0,0.0,56.0,49.0,0.0,0.0,,0.0,,35.0,0.0,0.0,0.0,30.0,1500000.0,Villarreal CF
Filip Jørgensen,2324,dk DEN,,GK,,21,36,36,3240.0,36.0,0.0,0.0,0.0,0.0,0.0,0.0,4.0,0.0,0.0,0.0,0.0,0.0,0.0,0.0,0.0,0.0,0.0,0.0,0.0,0.0,0.0,0.0,0.0,0.0,0.0,0.0,0.0,,0.0,0.0,,,,0.0,,0.0,0.0,1052.0,1303.0,80.7,26376.0,18619.0,240.0,241.0,99.6,570.0,572.0,99.7,238.0,482.0,49.4,0.0,0.0,0.0,13.0,0.0,0.0,975.0,325.0,0.0,2.0,0.0,0.0,0.0,0.0,0.0,0.0,3.0,1.0,2.0,0.06,1.0,1.0,0.0,0.0,0.0,1.0,0.03,1.0,0.0,0.0,0.0,0.0,0.0,3.0,1.0,3.0,0.0,0.0,3.0,75.0,1.0,0.0,2.0,5.0,10.0,3.0,1397.0,1240.0,0.0,1.0,100.0,0.0,0.0,798.0,0.0,4.0,1.0,663.0,,
Francis Coquelin,2223,fr FRA,France,MF,Defensive Midfield,31,16,9,748.0,8.3,1.0,0.0,1.0,1.0,0.0,0.0,2.0,0.0,1.0,1.0,1.0,1.9,11.0,29.0,27.0,0.12,0.0,0.12,0.12,0.12,0.12,0.12,0.23,0.12,0.23,7.0,1.0,14.3,0.84,0.12,0.14,1.0,15.5,0.0,0.14,0.0,0.0,265.0,311.0,85.2,3778.0,803.0,152.0,167.0,91.0,80.0,88.0,90.9,14.0,20.0,70.0,1.2,-1.0,6.0,19.0,3.0,1.0,300.0,7.0,1.0,3.0,5.0,0.0,0.0,0.0,0.0,0.0,4.0,5.0,9.0,1.09,8.0,0.0,0.0,0.0,1.0,0.0,0.0,0.0,0.0,0.0,0.0,0.0,0.0,18.0,13.0,7.0,9.0,2.0,7.0,100.0,0.0,6.0,9.0,27.0,7.0,0.0,391.0,17.0,18.0,2.0,33.3,2.0,33.3,200.0,1.0,18.0,14.0,286.0,3000000.0,Villarreal CF
Francis Coquelin,2324,fr FRA,,MF,,32,17,10,910.0,10.1,0.0,0.0,0.0,0.0,0.0,0.0,4.0,0.0,0.1,0.1,0.1,0.2,5.0,47.0,14.0,0.0,0.0,0.0,0.0,0.0,0.01,0.01,0.02,0.01,0.02,3.0,0.0,0.0,0.3,0.0,0.0,,16.6,0.0,0.04,-0.1,-0.1,379.0,431.0,87.9,6421.0,1616.0,173.0,188.0,92.0,169.0,184.0,91.8,30.0,41.0,73.2,0.6,-0.1,1.0,37.0,7.0,1.0,421.0,10.0,1.0,7.0,2.0,0.0,0.0,0.0,0.0,0.0,0.0,4.0,16.0,1.58,12.0,0.0,0.0,1.0,3.0,0.0,0.0,0.0,0.0,0.0,0.0,0.0,0.0,20.0,12.0,8.0,10.0,2.0,5.0,38.5,8.0,10.0,16.0,36.0,15.0,0.0,525.0,33.0,10.0,3.0,37.5,5.0,62.5,231.0,0.0,9.0,8.0,335.0,,
Gerard Moreno,2223,es ESP,Spain,FW,Centre-Forward,30,21,14,1230.0,13.7,7.0,3.0,10.0,6.0,1.0,2.0,4.0,0.0,9.0,7.5,2.7,10.1,21.0,68.0,108.0,0.51,0.22,0.73,0.44,0.66,0.66,0.19,0.86,0.55,0.74,41.0,19.0,46.3,3.0,1.39,0.15,0.32,15.8,0.0,0.19,-2.0,-1.5,353.0,483.0,73.1,5825.0,1500.0,169.0,216.0,78.2,129.0,167.0,77.2,39.0,48.0,81.3,1.4,0.3,19.0,35.0,25.0,1.0,458.0,18.0,5.0,6.0,8.0,3.0,0.0,0.0,0.0,0.0,7.0,18.0,48.0,3.52,35.0,0.0,6.0,2.0,1.0,5.0,0.37,4.0,0.0,0.0,1.0,0.0,0.0,11.0,6.0,0.0,6.0,5.0,3.0,50.0,3.0,4.0,5.0,16.0,10.0,0.0,634.0,16.0,67.0,29.0,51.8,20.0,35.7,401.0,11.0,32.0,19.0,508.0,20000000.0,Villarreal CF
Gerard Moreno,2324,es ESP,,FW,,31,30,28,2215.0,24.6,10.0,6.0,16.0,8.0,2.0,3.0,0.0,0.0,9.7,7.3,5.3,12.6,48.0,155.0,199.0,0.41,0.24,0.65,0.33,0.57,0.39,0.22,0.61,0.3,0.51,60.0,18.0,30.0,2.44,0.73,0.13,0.44,15.3,0.0,0.12,0.3,0.7,779.0,1001.0,77.8,12813.0,3399.0,422.0,491.0,85.9,275.0,335.0,82.1,70.0,106.0,66.0,4.6,0.7,53.0,82.0,43.0,6.0,934.0,62.0,10.0,10.0,27.0,6.0,0.0,0.0,0.0,0.0,5.0,49.0,100.0,4.07,83.0,0.0,7.0,2.0,1.0,11.0,0.45,9.0,0.0,0.0,2.0,0.0,0.0,25.0,12.0,10.0,7.0,8.0,11.0,44.0,14.0,17.0,9.0,34.0,24.0,0.0,1273.0,32.0,125.0,43.0,51.2,36.0,42.9,768.0,23.0,49.0,53.0,1015.0,,
Gerard Moreno,2425,es ESP,Spain,FW,Centre-Forward,32,17,6,721.0,8.0,3.0,2.0,5.0,0.0,3.0,3.0,0.0,0.0,4.2,1.8,3.6,5.5,19.0,53.0,60.0,0.37,0.25,0.62,0.0,0.25,0.53,0.45,0.98,0.23,0.69,23.0,9.0,39.1,2.87,1.12,0.0,0.0,18.2,0.0,0.08,-1.2,-1.8,235.0,305.0,77.0,4192.0,1161.0,109.0,127.0,85.8,94.0,109.0,86.2,27.0,43.0,62.8,1.9,-1.6,17.0,30.0,15.0,2.0,289.0,12.0,2.0,2.0,10.0,0.0,0.0,0.0,0.0,0.0,4.0,10.0,39.0,4.87,31.0,0.0,2.0,2.0,1.0,4.0,0.5,2.0,0.0,0.0,1.0,1.0,0.0,7.0,4.0,3.0,2.0,2.0,3.0,25.0,9.0,0.0,2.0,9.0,8.0,0.0,404.0,8.0,48.0,18.0,58.1,13.0,41.9,243.0,9.0,17.0,9.0,324.0,4000000.0,Villarreal CF
Gerónimo Rulli,2223,ar ARG,Argentina,GK,Goalkeeper,30,14,14,1260.0,14.0,0.0,0.0,0.0,0.0,0.0,0.0,1.0,0.0,0.0,0.0,0.0,0.0,0.0,0.0,0.0,0.0,0.0,0.0,0.0,0.0,0.0,0.0,0.0,0.0,0.0,0.0,0.0,,0.0,0.0,,,,0.0,,0.0,0.0,464.0,543.0,85.5,11876.0,7752.0,82.0,83.0,98.8,270.0,271.0,99.6,109.0,184.0,59.2,0.0,0.0,0.0,6.0,0.0,0.0,419.0,124.0,0.0,0.0,0.0,0.0,0.0,0.0,0.0,0.0,0.0,2.0,1.0,0.07,1.0,0.0,0.0,0.0,0.0,0.0,0.0,0.0,0.0,0.0,0.0,0.0,0.0,0.0,0.0,0.0,0.0,0.0,0.0,,0.0,1.0,1.0,1.0,6.0,2.0,579.0,476.0,0.0,0.0,,0.0,,335.0,0.0,0.0,0.0,283.0,10000000.0,Villarreal CF
Giovani Lo Celso,2223,ar ARG,Argentina,"MF,FW",Attacking Midfield,26,22,14,1126.0,12.5,2.0,3.0,5.0,2.0,0.0,0.0,3.0,0.0,2.4,2.4,3.3,5.6,35.0,97.0,70.0,0.16,0.24,0.4,0.16,0.4,0.19,0.26,0.45,0.19,0.45,30.0,7.0,23.3,2.4,0.56,0.07,0.29,19.8,3.0,0.08,-0.4,-0.4,578.0,694.0,83.3,9815.0,2691.0,294.0,331.0,88.8,191.0,225.0,84.9,72.0,92.0,78.3,3.1,-0.3,31.0,51.0,29.0,1.0,643.0,47.0,11.0,17.0,31.0,7.0,27.0,17.0,0.0,0.0,4.0,14.0,60.0,4.79,45.0,4.0,2.0,5.0,0.0,3.0,0.24,3.0,0.0,0.0,0.0,0.0,0.0,32.0,28.0,7.0,15.0,10.0,12.0,57.1,9.0,12.0,6.0,38.0,5.0,0.0,854.0,10.0,42.0,22.0,46.8,15.0,31.9,555.0,10.0,31.0,23.0,651.0,14000000.0,Villarreal CF
Gonçalo Guedes,2324,pt POR,,"FW,MF",,26,17,9,951.0,10.6,3.0,2.0,5.0,3.0,0.0,0.0,0.0,0.0,2.3,2.3,1.5,3.8,38.0,50.0,88.0,0.28,0.19,0.47,0.28,0.47,0.22,0.14,0.36,0.22,0.36,26.0,8.0,30.8,2.46,0.76,0.12,0.38,19.6,0.0,0.09,0.7,0.7,255.0,333.0,76.6,4075.0,1057.0,136.0,159.0,85.5,98.0,121.0,81.0,16.0,28.0,57.1,1.1,0.5,19.0,19.0,23.0,8.0,306.0,23.0,0.0,3.0,27.0,1.0,8.0,1.0,1.0,0.0,4.0,11.0,40.0,3.79,29.0,1.0,4.0,1.0,1.0,4.0,0.38,3.0,0.0,0.0,1.0,0.0,0.0,6.0,4.0,1.0,2.0,3.0,2.0,28.6,5.0,8.0,2.0,8.0,3.0,0.0,434.0,6.0,42.0,10.0,66.7,5.0,33.3,264.0,10.0,33.0,12.0,331.0,,
Haissem Hassan,2223,fr FRA,France,"FW,MF",Right Winger,20,2,0,52.0,0.6,0.0,0.0,0.0,0.0,0.0,0.0,0.0,0.0,0.0,0.0,0.0,0.0,3.0,0.0,3.0,0.0,0.0,0.0,0.0,0.0,0.0,0.04,0.04,0.0,0.04,0.0,0.0,,0.0,0.0,,,,0.0,,0.0,0.0,15.0,20.0,75.0,292.0,38.0,6.0,8.0,75.0,7.0,9.0,77.8,2.0,2.0,100.0,0.0,0.0,1.0,3.0,0.0,0.0,20.0,0.0,0.0,1.0,1.0,0.0,0.0,0.0,0.0,0.0,0.0,0.0,1.0,1.73,1.0,0.0,0.0,0.0,0.0,0.0,0.0,0.0,0.0,0.0,0.0,0.0,0.0,0.0,0.0,0.0,0.0,0.0,0.0,0.0,2.0,0.0,1.0,1.0,0.0,0.0,25.0,1.0,1.0,2.0,50.0,1.0,25.0,21.0,1.0,2.0,0.0,21.0,1500000.0,Villarreal CF
Iker Álvarez,2223,ad AND,Andorra,GK,Goalkeeper,21,0,0,,,,,,,,,,,,,,,,,,,,,,,,,,,,,,,,,,,,,,,,,,,,,,,,,,,,,,,,,,,,,,,,,,,,,,,,,,,,,,,,,,,,,,,,,,,,,,,,,,,,,,,,,,,,,,,,500000.0,Villarreal CF
Iker Álvarez,2324,ad AND,,GK,,22,0,0,,,,,,,,,,,,,,,,,,,,,,,,,,,,,,,,,,,,,,,,,,,,,,,,,,,,,,,,,,,,,,,,,,,,,,,,,,,,,,,,,,,,,,,,,,,,,,,,,,,,,,,,,,,,,,,,,
Iker Álvarez,2425,ad AND,,GK,,23,0,0,,,,,,,,,,,,,,,,,,,,,,,,,,,,,,,,,,,,,,,,,,,,,,,,,,,,,,,,,,,,,,,,,,,,,,,,,,,,,,,,,,,,,,,,,,,,,,,,,,,,,,,,,,,,,,,,,
Ilias Akhomach,2324,ma MAR,,"MF,FW",,19,31,17,1511.0,16.8,2.0,2.0,4.0,2.0,0.0,0.0,4.0,0.0,3.2,3.2,2.6,5.7,68.0,45.0,160.0,0.12,0.12,0.24,0.12,0.24,0.19,0.15,0.34,0.19,0.34,30.0,7.0,23.3,1.79,0.42,0.07,0.29,18.1,0.0,0.11,-1.2,-1.2,372.0,481.0,77.3,5109.0,1318.0,239.0,275.0,86.9,101.0,133.0,75.9,14.0,28.0,50.0,2.5,-0.6,21.0,20.0,24.0,6.0,464.0,14.0,4.0,2.0,29.0,5.0,4.0,1.0,1.0,0.0,3.0,14.0,57.0,3.4,34.0,2.0,13.0,5.0,1.0,3.0,0.18,2.0,0.0,1.0,0.0,0.0,0.0,36.0,21.0,11.0,16.0,9.0,10.0,50.0,10.0,8.0,13.0,49.0,13.0,0.0,745.0,12.0,70.0,57.0,44.5,59.0,46.1,491.0,27.0,49.0,36.0,551.0,,
Ilias Akhomach,2425,ma MAR,Morocco,"MF,FW",Right Winger,20,11,7,584.0,6.5,1.0,0.0,1.0,1.0,0.0,0.0,1.0,0.0,0.6,0.6,1.0,1.6,30.0,12.0,64.0,0.15,0.0,0.15,0.15,0.15,0.09,0.15,0.23,0.09,0.23,17.0,6.0,35.3,2.62,0.92,0.06,0.17,23.3,0.0,0.03,0.4,0.4,136.0,185.0,73.5,2161.0,534.0,76.0,88.0,86.4,46.0,63.0,73.0,8.0,14.0,57.1,1.7,-1.0,9.0,5.0,8.0,2.0,177.0,7.0,1.0,2.0,18.0,2.0,3.0,2.0,0.0,0.0,1.0,7.0,29.0,4.38,17.0,0.0,5.0,6.0,0.0,1.0,0.15,0.0,0.0,0.0,0.0,1.0,0.0,12.0,7.0,4.0,4.0,4.0,6.0,50.0,6.0,8.0,3.0,15.0,13.0,0.0,293.0,8.0,29.0,19.0,44.2,17.0,39.5,200.0,20.0,15.0,10.0,209.0,15000000.0,Villarreal CF
Johan Mojica,2223,co COL,Colombia,DF,Left-Back,29,17,5,642.0,7.1,0.0,0.0,0.0,0.0,0.0,0.0,0.0,0.0,0.1,0.1,0.9,0.9,27.0,19.0,38.0,0.0,0.0,0.0,0.0,0.0,0.01,0.12,0.13,0.01,0.13,2.0,1.0,50.0,0.28,0.14,0.0,0.0,27.1,0.0,0.03,-0.1,-0.1,318.0,395.0,80.5,5334.0,1393.0,150.0,164.0,91.5,133.0,153.0,86.9,27.0,45.0,60.0,1.0,-0.9,9.0,18.0,3.0,3.0,329.0,63.0,0.0,0.0,40.0,51.0,4.0,1.0,2.0,0.0,3.0,16.0,13.0,1.82,11.0,2.0,0.0,0.0,0.0,0.0,0.0,0.0,0.0,0.0,0.0,0.0,0.0,13.0,9.0,9.0,3.0,1.0,5.0,55.6,4.0,5.0,4.0,17.0,14.0,1.0,458.0,17.0,9.0,6.0,42.9,6.0,42.9,286.0,5.0,10.0,5.0,276.0,3000000.0,Villarreal CF
Jorge Cuenca,2223,es ESP,Spain,DF,Centre-Back,22,10,5,506.0,5.6,0.0,0.0,0.0,0.0,0.0,0.0,1.0,0.0,0.4,0.4,0.1,0.5,7.0,26.0,1.0,0.0,0.0,0.0,0.0,0.0,0.08,0.01,0.09,0.08,0.09,4.0,0.0,0.0,0.71,0.0,0.0,,10.9,0.0,0.11,-0.4,-0.4,334.0,384.0,87.0,6357.0,2355.0,111.0,119.0,93.3,191.0,204.0,93.6,28.0,51.0,54.9,0.2,-0.1,1.0,21.0,2.0,0.0,366.0,17.0,1.0,7.0,1.0,2.0,0.0,0.0,0.0,0.0,1.0,3.0,5.0,0.89,4.0,0.0,0.0,0.0,0.0,0.0,0.0,0.0,0.0,0.0,0.0,0.0,0.0,9.0,7.0,7.0,2.0,0.0,4.0,57.1,3.0,2.0,6.0,15.0,44.0,0.0,461.0,65.0,5.0,0.0,,0.0,,280.0,0.0,2.0,0.0,308.0,5000000.0,Villarreal CF
Jorge Cuenca,2324,es ESP,,DF,,23,29,21,1963.0,21.8,3.0,1.0,4.0,3.0,0.0,0.0,7.0,0.0,1.2,1.2,0.2,1.5,11.0,78.0,30.0,0.14,0.05,0.18,0.14,0.18,0.06,0.01,0.07,0.06,0.07,20.0,7.0,35.0,0.92,0.32,0.15,0.43,11.7,0.0,0.06,1.8,1.8,957.0,1150.0,83.2,17344.0,6301.0,367.0,388.0,94.6,515.0,579.0,88.9,65.0,154.0,42.2,0.8,0.8,6.0,62.0,10.0,6.0,1035.0,111.0,0.0,16.0,13.0,41.0,0.0,0.0,0.0,0.0,4.0,9.0,15.0,0.69,12.0,0.0,2.0,0.0,1.0,2.0,0.09,2.0,0.0,0.0,0.0,0.0,0.0,42.0,29.0,26.0,10.0,6.0,19.0,63.3,11.0,11.0,21.0,63.0,114.0,0.0,1418.0,230.0,25.0,8.0,57.1,6.0,42.9,668.0,2.0,10.0,4.0,861.0,,
José Luis Morales,2223,es ESP,Spain,"FW,MF",Centre-Forward,35,29,11,1211.0,13.5,7.0,0.0,7.0,7.0,0.0,0.0,2.0,0.0,6.5,6.5,1.6,8.2,40.0,15.0,92.0,0.52,0.0,0.52,0.52,0.52,0.49,0.12,0.61,0.49,0.61,41.0,21.0,51.2,3.05,1.56,0.17,0.33,14.7,0.0,0.17,0.5,0.5,181.0,258.0,70.2,2380.0,486.0,121.0,150.0,80.7,46.0,66.0,69.7,7.0,11.0,63.6,1.0,-1.6,9.0,4.0,10.0,2.0,237.0,18.0,2.0,1.0,13.0,4.0,0.0,0.0,0.0,0.0,3.0,14.0,29.0,2.16,19.0,0.0,5.0,1.0,0.0,4.0,0.3,2.0,0.0,0.0,2.0,0.0,0.0,7.0,6.0,1.0,2.0,4.0,5.0,29.4,12.0,11.0,2.0,9.0,2.0,0.0,402.0,2.0,79.0,18.0,35.3,27.0,52.9,233.0,26.0,24.0,11.0,283.0,3000000.0,Villarreal CF
José Luis Morales,2324,es ESP,,"FW,MF",,36,29,8,1048.0,11.6,7.0,0.0,7.0,7.0,0.0,0.0,0.0,0.0,5.6,5.6,0.6,6.1,29.0,17.0,79.0,0.6,0.0,0.6,0.6,0.6,0.48,0.05,0.52,0.48,0.52,26.0,12.0,46.2,2.23,1.03,0.27,0.58,13.3,0.0,0.21,1.4,1.4,154.0,214.0,72.0,2424.0,530.0,93.0,111.0,83.8,47.0,69.0,68.1,12.0,17.0,70.6,0.8,-0.6,4.0,10.0,3.0,1.0,204.0,7.0,1.0,2.0,10.0,0.0,0.0,0.0,0.0,0.0,3.0,9.0,24.0,2.06,15.0,0.0,3.0,1.0,0.0,3.0,0.26,3.0,0.0,0.0,0.0,0.0,0.0,5.0,3.0,1.0,4.0,0.0,3.0,23.1,10.0,8.0,7.0,12.0,4.0,0.0,337.0,10.0,44.0,9.0,28.1,22.0,68.8,203.0,19.0,25.0,13.0,243.0,,
Juan Bernat,2425,es ESP,,"DF,MF",,31,10,1,212.0,2.4,0.0,1.0,1.0,0.0,0.0,0.0,0.0,0.0,0.3,0.3,0.4,0.7,4.0,8.0,23.0,0.0,0.42,0.42,0.0,0.42,0.12,0.17,0.29,0.12,0.29,2.0,1.0,50.0,0.85,0.42,0.0,0.0,17.6,0.0,0.14,-0.3,-0.3,101.0,130.0,77.7,1479.0,244.0,54.0,61.0,88.5,45.0,53.0,84.9,1.0,6.0,16.7,0.4,0.6,4.0,4.0,1.0,1.0,110.0,18.0,0.0,0.0,9.0,14.0,2.0,1.0,1.0,0.0,2.0,4.0,8.0,3.4,7.0,0.0,0.0,0.0,0.0,1.0,0.42,1.0,0.0,0.0,0.0,0.0,0.0,9.0,7.0,7.0,1.0,1.0,4.0,80.0,1.0,2.0,1.0,10.0,4.0,0.0,160.0,10.0,13.0,3.0,37.5,5.0,62.5,83.0,1.0,3.0,2.0,100.0,,
Juan Foyth,2223,ar ARG,Argentina,DF,Right-Back,24,24,22,1958.0,21.8,1.0,0.0,1.0,1.0,0.0,0.0,6.0,0.0,1.1,1.1,1.6,2.7,47.0,100.0,18.0,0.05,0.0,0.05,0.05,0.05,0.05,0.08,0.13,0.05,0.13,14.0,4.0,28.6,0.64,0.18,0.07,0.25,13.7,0.0,0.08,-0.1,-0.1,1116.0,1276.0,87.5,18588.0,7017.0,571.0,619.0,92.2,438.0,480.0,91.3,91.0,132.0,68.9,1.4,-1.6,13.0,90.0,13.0,3.0,1058.0,211.0,4.0,14.0,10.0,170.0,0.0,0.0,0.0,0.0,7.0,13.0,29.0,1.33,28.0,1.0,0.0,0.0,0.0,2.0,0.09,2.0,0.0,0.0,0.0,0.0,0.0,73.0,48.0,49.0,22.0,2.0,41.0,71.9,16.0,21.0,20.0,93.0,68.0,0.0,1545.0,109.0,21.0,27.0,56.3,18.0,37.5,778.0,1.0,21.0,15.0,895.0,25000000.0,Villarreal CF
Juan Foyth,2324,ar ARG,,DF,,25,12,12,1062.0,11.8,1.0,1.0,2.0,1.0,0.0,0.0,1.0,0.0,0.4,0.4,0.9,1.3,19.0,51.0,28.0,0.08,0.08,0.17,0.08,0.17,0.03,0.08,0.11,0.03,0.11,6.0,2.0,33.3,0.51,0.17,0.17,0.5,12.8,0.0,0.07,0.6,0.6,565.0,690.0,81.9,9309.0,3470.0,290.0,320.0,90.6,226.0,270.0,83.7,40.0,66.0,60.6,0.9,0.1,5.0,50.0,7.0,2.0,579.0,109.0,1.0,5.0,18.0,94.0,0.0,0.0,0.0,0.0,2.0,16.0,12.0,1.02,9.0,1.0,1.0,0.0,0.0,1.0,0.08,1.0,0.0,0.0,0.0,0.0,0.0,26.0,15.0,18.0,8.0,0.0,12.0,44.4,15.0,13.0,12.0,38.0,44.0,0.0,827.0,69.0,16.0,20.0,74.1,6.0,22.2,426.0,3.0,17.0,7.0,494.0,,
Juan Foyth,2425,ar ARG,Argentina,DF,Right-Back,26,19,17,1517.0,16.9,1.0,0.0,1.0,1.0,0.0,0.0,4.0,0.0,2.4,2.4,0.3,2.8,13.0,65.0,11.0,0.06,0.0,0.06,0.06,0.06,0.14,0.02,0.16,0.14,0.16,17.0,5.0,29.4,1.01,0.3,0.06,0.2,11.8,0.0,0.14,-1.4,-1.4,838.0,963.0,87.0,15860.0,6523.0,299.0,320.0,93.4,436.0,476.0,91.6,88.0,139.0,63.3,0.9,-0.3,7.0,53.0,8.0,2.0,864.0,98.0,3.0,6.0,4.0,35.0,0.0,0.0,0.0,0.0,1.0,8.0,20.0,1.19,19.0,0.0,0.0,0.0,0.0,1.0,0.06,1.0,0.0,0.0,0.0,0.0,0.0,25.0,15.0,15.0,6.0,4.0,11.0,68.8,5.0,9.0,19.0,44.0,119.0,3.0,1190.0,199.0,21.0,4.0,44.4,4.0,44.4,607.0,0.0,11.0,2.0,727.0,15000000.0,Villarreal CF
Karl Etta,2425,cm CMR,,"MF,FW",,20,4,0,37.0,0.4,1.0,0.0,1.0,1.0,0.0,0.0,0.0,0.0,0.4,0.4,0.0,0.4,0.0,0.0,0.0,2.43,0.0,2.43,2.43,2.43,0.88,0.0,0.88,0.88,0.88,2.0,2.0,100.0,4.86,4.86,0.5,0.5,16.3,0.0,0.18,0.6,0.6,0.0,1.0,0.0,0.0,0.0,0.0,1.0,0.0,0.0,0.0,,0.0,0.0,,0.0,0.0,0.0,0.0,0.0,0.0,1.0,0.0,0.0,0.0,0.0,0.0,0.0,0.0,0.0,0.0,0.0,0.0,1.0,2.43,0.0,0.0,0.0,1.0,0.0,0.0,0.0,0.0,0.0,0.0,0.0,0.0,0.0,0.0,0.0,0.0,0.0,0.0,0.0,0.0,1.0,1.0,0.0,0.0,0.0,0.0,9.0,0.0,1.0,0.0,,0.0,,5.0,0.0,4.0,0.0,5.0,,
Kiko Femenía,2223,es ESP,Spain,DF,Right-Back,31,20,13,1133.0,12.6,0.0,0.0,0.0,0.0,0.0,0.0,0.0,0.0,0.1,0.1,0.7,0.7,36.0,66.0,47.0,0.0,0.0,0.0,0.0,0.0,0.0,0.05,0.06,0.0,0.06,2.0,0.0,0.0,0.16,0.0,0.0,,23.7,0.0,0.03,-0.1,-0.1,667.0,778.0,85.7,10318.0,2945.0,344.0,371.0,92.7,273.0,308.0,88.6,32.0,62.0,51.6,0.4,-0.7,9.0,49.0,10.0,4.0,661.0,114.0,0.0,1.0,31.0,97.0,1.0,0.0,0.0,0.0,3.0,14.0,24.0,1.9,23.0,0.0,0.0,1.0,0.0,0.0,0.0,0.0,0.0,0.0,0.0,0.0,0.0,18.0,9.0,14.0,3.0,1.0,13.0,72.2,5.0,9.0,20.0,38.0,22.0,0.0,877.0,41.0,8.0,6.0,46.2,4.0,30.8,508.0,1.0,8.0,9.0,570.0,2500000.0,Villarreal CF
Kiko Femenía,2324,es ESP,,DF,,32,23,16,1583.0,17.6,0.0,0.0,0.0,0.0,0.0,0.0,8.0,1.0,0.0,0.0,0.6,0.6,46.0,100.0,45.0,0.0,0.0,0.0,0.0,0.0,0.0,0.04,0.04,0.0,0.04,1.0,0.0,0.0,0.06,0.0,0.0,,51.1,1.0,0.01,0.0,0.0,939.0,1121.0,83.8,15374.0,5968.0,468.0,497.0,94.2,403.0,467.0,86.3,58.0,120.0,48.3,0.7,-0.6,7.0,84.0,6.0,3.0,939.0,179.0,0.0,4.0,28.0,153.0,0.0,0.0,0.0,0.0,3.0,19.0,31.0,1.76,26.0,4.0,0.0,0.0,1.0,4.0,0.23,3.0,1.0,0.0,0.0,0.0,0.0,35.0,25.0,19.0,13.0,3.0,19.0,55.9,15.0,15.0,31.0,66.0,45.0,0.0,1275.0,62.0,9.0,6.0,54.5,5.0,45.5,627.0,1.0,18.0,5.0,743.0,,
Kiko Femenía,2425,es ESP,Spain,DF,Right-Back,33,28,27,2227.0,24.7,0.0,1.0,1.0,0.0,0.0,0.0,7.0,0.0,0.4,0.4,1.3,1.7,52.0,112.0,44.0,0.0,0.04,0.04,0.0,0.04,0.01,0.05,0.07,0.01,0.07,3.0,0.0,0.0,0.12,0.0,0.0,,24.9,0.0,0.12,-0.4,-0.4,1339.0,1506.0,88.9,22076.0,7230.0,679.0,717.0,94.7,562.0,624.0,90.1,82.0,126.0,65.1,2.1,-0.3,16.0,108.0,24.0,14.0,1250.0,254.0,1.0,8.0,47.0,203.0,0.0,0.0,0.0,0.0,2.0,14.0,43.0,1.74,35.0,3.0,2.0,0.0,3.0,5.0,0.2,5.0,0.0,0.0,0.0,0.0,0.0,50.0,34.0,34.0,14.0,2.0,33.0,57.9,24.0,11.0,40.0,90.0,62.0,3.0,1710.0,95.0,9.0,17.0,70.8,6.0,25.0,902.0,0.0,22.0,10.0,1036.0,900000.0,Villarreal CF
Logan Costa,2425,cv CPV,Cape Verde,DF,Centre-Back,23,32,28,2587.0,28.7,2.0,1.0,3.0,2.0,0.0,0.0,3.0,0.0,0.7,0.7,0.6,1.3,25.0,116.0,10.0,0.07,0.03,0.1,0.07,0.1,0.02,0.02,0.05,0.02,0.05,12.0,5.0,41.7,0.42,0.17,0.17,0.4,15.9,0.0,0.05,1.3,1.3,1354.0,1544.0,87.7,26242.0,9795.0,501.0,529.0,94.7,673.0,721.0,93.3,164.0,268.0,61.2,0.5,0.4,4.0,107.0,6.0,0.0,1450.0,94.0,1.0,18.0,5.0,8.0,0.0,0.0,0.0,0.0,0.0,8.0,22.0,0.76,20.0,0.0,0.0,1.0,0.0,2.0,0.07,1.0,0.0,0.0,0.0,1.0,0.0,38.0,21.0,25.0,12.0,1.0,24.0,82.8,5.0,11.0,21.0,59.0,115.0,2.0,1785.0,295.0,12.0,0.0,0.0,2.0,100.0,1037.0,0.0,7.0,0.0,1209.0,18000000.0,Villarreal CF
Luiz Lúcio Reis Júnior,2425,br BRA,,GK,,23,17,16,1458.0,16.2,0.0,0.0,0.0,0.0,0.0,0.0,2.0,0.0,0.0,0.0,0.0,0.0,0.0,0.0,0.0,0.0,0.0,0.0,0.0,0.0,0.0,0.0,0.0,0.0,0.0,0.0,0.0,,0.0,0.0,,,,0.0,,0.0,0.0,359.0,491.0,73.1,9354.0,6717.0,92.0,93.0,98.9,160.0,164.0,97.6,100.0,226.0,44.2,0.0,0.0,0.0,6.0,0.0,0.0,352.0,139.0,0.0,1.0,0.0,0.0,0.0,0.0,0.0,0.0,0.0,1.0,1.0,0.06,1.0,0.0,0.0,0.0,0.0,0.0,0.0,0.0,0.0,0.0,0.0,0.0,0.0,0.0,0.0,0.0,0.0,0.0,0.0,,0.0,0.0,0.0,0.0,14.0,1.0,542.0,472.0,0.0,0.0,,0.0,,284.0,0.0,1.0,0.0,219.0,,
Mamadou Fall,2223,sn SEN,,DF,,19,1,0,30.0,0.3,0.0,0.0,0.0,0.0,0.0,0.0,0.0,0.0,0.0,0.0,0.0,0.0,0.0,1.0,0.0,0.0,0.0,0.0,0.0,0.0,0.0,0.0,0.0,0.0,0.0,0.0,0.0,,0.0,0.0,,,,0.0,,0.0,0.0,13.0,16.0,81.3,254.0,64.0,3.0,3.0,100.0,8.0,9.0,88.9,2.0,3.0,66.7,0.0,0.0,0.0,0.0,1.0,1.0,11.0,5.0,0.0,1.0,1.0,5.0,0.0,0.0,0.0,0.0,0.0,1.0,0.0,0.0,0.0,0.0,0.0,0.0,0.0,0.0,0.0,0.0,0.0,0.0,0.0,0.0,0.0,0.0,0.0,0.0,0.0,0.0,0.0,,0.0,1.0,0.0,0.0,1.0,0.0,22.0,2.0,0.0,0.0,0.0,1.0,100.0,10.0,0.0,1.0,0.0,8.0,,
Manu Morlanes,2223,es ESP,Spain,MF,Central Midfield,23,4,2,158.0,1.8,0.0,0.0,0.0,0.0,0.0,0.0,0.0,1.0,0.0,0.0,0.0,0.0,1.0,6.0,1.0,0.0,0.0,0.0,0.0,0.0,0.0,0.0,0.0,0.0,0.0,0.0,0.0,,0.0,0.0,,,,0.0,,0.0,0.0,36.0,46.0,78.3,596.0,151.0,19.0,21.0,90.5,13.0,15.0,86.7,4.0,7.0,57.1,0.0,0.0,0.0,6.0,0.0,0.0,42.0,3.0,0.0,0.0,0.0,0.0,0.0,0.0,0.0,0.0,1.0,2.0,2.0,1.14,2.0,0.0,0.0,0.0,0.0,0.0,0.0,0.0,0.0,0.0,0.0,0.0,0.0,3.0,2.0,2.0,1.0,0.0,3.0,100.0,0.0,1.0,1.0,4.0,2.0,0.0,60.0,5.0,0.0,0.0,,0.0,,31.0,0.0,0.0,1.0,36.0,4000000.0,Villarreal CF
Manu Trigueros,2223,es ESP,Spain,MF,Central Midfield,30,23,8,828.0,9.2,0.0,1.0,1.0,0.0,0.0,0.0,2.0,1.0,0.4,0.4,1.1,1.5,12.0,76.0,22.0,0.0,0.11,0.11,0.0,0.11,0.04,0.12,0.16,0.04,0.16,8.0,2.0,25.0,0.87,0.22,0.0,0.0,24.4,1.0,0.05,-0.4,-0.4,475.0,534.0,89.0,6910.0,1993.0,270.0,288.0,93.8,155.0,175.0,88.6,25.0,35.0,71.4,0.7,-0.1,10.0,69.0,12.0,1.0,519.0,14.0,1.0,1.0,4.0,2.0,2.0,1.0,0.0,0.0,1.0,7.0,17.0,1.85,16.0,0.0,0.0,1.0,0.0,2.0,0.22,2.0,0.0,0.0,0.0,0.0,0.0,20.0,14.0,9.0,5.0,6.0,9.0,40.9,13.0,7.0,5.0,25.0,4.0,0.0,599.0,14.0,7.0,2.0,40.0,3.0,60.0,368.0,0.0,7.0,9.0,487.0,4000000.0,Villarreal CF
Manu Trigueros,2324,es ESP,,MF,,31,14,2,309.0,3.4,0.0,0.0,0.0,0.0,0.0,0.0,0.0,0.0,0.5,0.5,0.2,0.7,7.0,20.0,13.0,0.0,0.0,0.0,0.0,0.0,0.13,0.07,0.2,0.13,0.2,6.0,3.0,50.0,1.75,0.87,0.0,0.0,20.5,0.0,0.08,-0.5,-0.5,141.0,168.0,83.9,2245.0,550.0,68.0,76.0,89.5,56.0,62.0,90.3,11.0,15.0,73.3,0.2,-0.2,5.0,16.0,4.0,0.0,156.0,10.0,1.0,0.0,5.0,1.0,5.0,0.0,2.0,0.0,2.0,3.0,8.0,2.33,6.0,2.0,0.0,0.0,0.0,1.0,0.29,1.0,0.0,0.0,0.0,0.0,0.0,7.0,5.0,6.0,1.0,0.0,4.0,40.0,6.0,0.0,3.0,10.0,9.0,0.0,201.0,13.0,5.0,0.0,0.0,1.0,100.0,107.0,2.0,5.0,4.0,146.0,,
Matteo Gabbia,2324,it ITA,,DF,,23,7,6,477.0,5.3,0.0,0.0,0.0,0.0,0.0,0.0,2.0,0.0,0.0,0.0,0.1,0.1,1.0,9.0,0.0,0.0,0.0,0.0,0.0,0.0,0.0,0.02,0.02,0.0,0.02,0.0,0.0,,0.0,0.0,,,,0.0,,0.0,0.0,267.0,299.0,89.3,5210.0,1745.0,93.0,102.0,91.2,144.0,151.0,95.4,29.0,42.0,69.0,0.1,-0.1,1.0,15.0,1.0,0.0,283.0,15.0,0.0,5.0,0.0,0.0,0.0,0.0,0.0,0.0,1.0,0.0,5.0,0.94,5.0,0.0,0.0,0.0,0.0,1.0,0.19,1.0,0.0,0.0,0.0,0.0,0.0,10.0,6.0,4.0,6.0,0.0,5.0,62.5,3.0,3.0,8.0,18.0,36.0,1.0,369.0,56.0,2.0,0.0,,0.0,,205.0,0.0,4.0,0.0,244.0,,
Nicolas Jackson,2223,sn SEN,Senegal,FW,Centre-Forward,21,26,16,1598.0,17.8,12.0,4.0,16.0,12.0,0.0,0.0,6.0,1.0,7.8,7.8,3.1,11.0,49.0,40.0,117.0,0.68,0.23,0.9,0.68,0.9,0.44,0.18,0.62,0.44,0.62,41.0,23.0,56.1,2.31,1.3,0.29,0.52,13.4,0.0,0.19,4.2,4.2,246.0,325.0,75.7,3440.0,710.0,143.0,183.0,78.1,69.0,84.0,82.1,13.0,15.0,86.7,2.0,0.9,21.0,25.0,9.0,0.0,299.0,25.0,0.0,0.0,5.0,1.0,0.0,0.0,0.0,0.0,1.0,10.0,47.0,2.65,31.0,1.0,8.0,2.0,0.0,14.0,0.79,4.0,0.0,7.0,2.0,1.0,0.0,14.0,11.0,2.0,10.0,2.0,2.0,25.0,6.0,16.0,2.0,16.0,4.0,0.0,524.0,9.0,93.0,23.0,62.2,11.0,29.7,347.0,19.0,55.0,39.0,376.0,30000000.0,Villarreal CF
Nicolas Pépé,2425,ci CIV,Cote d'Ivoire,"FW,MF",Right Winger,29,28,15,1500.0,16.7,3.0,6.0,9.0,3.0,0.0,0.0,3.0,0.0,3.8,3.8,4.8,8.6,76.0,60.0,159.0,0.18,0.36,0.54,0.18,0.54,0.23,0.29,0.52,0.23,0.52,38.0,17.0,44.7,2.28,1.02,0.08,0.18,16.0,1.0,0.1,-0.8,-0.8,499.0,631.0,79.1,6872.0,1622.0,300.0,329.0,91.2,145.0,185.0,78.4,29.0,51.0,56.9,4.1,1.2,33.0,25.0,27.0,3.0,575.0,51.0,5.0,2.0,44.0,8.0,20.0,12.0,2.0,0.0,5.0,24.0,65.0,3.9,46.0,8.0,5.0,4.0,0.0,7.0,0.42,7.0,0.0,0.0,0.0,0.0,0.0,22.0,9.0,12.0,6.0,4.0,6.0,35.3,11.0,11.0,5.0,27.0,12.0,0.0,842.0,20.0,89.0,27.0,42.2,29.0,45.3,518.0,30.0,52.0,20.0,622.0,6000000.0,Villarreal CF
Pape Gueye,2425,sn SEN,Senegal,MF,Defensive Midfield,25,34,26,2224.0,24.7,4.0,0.0,4.0,4.0,0.0,0.0,6.0,2.0,3.4,3.4,1.1,4.5,36.0,156.0,69.0,0.16,0.0,0.16,0.16,0.16,0.14,0.04,0.18,0.14,0.18,55.0,17.0,30.9,2.23,0.69,0.07,0.24,18.5,0.0,0.06,0.6,0.6,911.0,1144.0,79.6,16801.0,5556.0,405.0,466.0,86.9,381.0,436.0,87.4,113.0,191.0,59.2,2.1,-1.1,17.0,118.0,23.0,2.0,1091.0,41.0,8.0,20.0,20.0,1.0,2.0,1.0,0.0,0.0,12.0,21.0,49.0,1.98,41.0,2.0,0.0,1.0,2.0,9.0,0.36,7.0,1.0,0.0,1.0,0.0,0.0,54.0,26.0,23.0,23.0,8.0,20.0,69.0,9.0,18.0,27.0,81.0,53.0,2.0,1456.0,72.0,65.0,11.0,33.3,16.0,48.5,853.0,7.0,33.0,19.0,1030.0,15000000.0,Villarreal CF
Pascu,2223,es ESP,,"DF,FW",,19,2,0,10.0,0.1,1.0,0.0,1.0,1.0,0.0,0.0,0.0,0.0,0.1,0.1,0.0,0.1,1.0,1.0,2.0,9.0,0.0,9.0,9.0,9.0,1.27,0.0,1.27,1.27,1.27,1.0,1.0,100.0,9.0,9.0,1.0,1.0,18.0,0.0,0.14,0.9,0.9,5.0,8.0,62.5,68.0,15.0,2.0,5.0,40.0,2.0,2.0,100.0,0.0,0.0,,0.0,0.0,0.0,1.0,0.0,0.0,8.0,0.0,0.0,0.0,0.0,0.0,0.0,0.0,0.0,0.0,0.0,0.0,1.0,9.0,1.0,0.0,0.0,0.0,0.0,1.0,9.0,1.0,0.0,0.0,0.0,0.0,0.0,0.0,0.0,0.0,0.0,0.0,0.0,,0.0,0.0,0.0,0.0,0.0,0.0,12.0,0.0,2.0,0.0,0.0,2.0,100.0,8.0,0.0,1.0,0.0,8.0,,
Pascu,2324,es ESP,,FW,,20,1,0,14.0,0.2,0.0,0.0,0.0,0.0,0.0,0.0,0.0,0.0,0.0,0.0,0.0,0.0,0.0,2.0,1.0,0.0,0.0,0.0,0.0,0.0,0.0,0.0,0.0,0.0,0.0,0.0,0.0,,0.0,0.0,,,,0.0,,0.0,0.0,4.0,5.0,80.0,77.0,31.0,1.0,1.0,100.0,1.0,1.0,100.0,1.0,2.0,50.0,0.0,0.0,0.0,1.0,0.0,0.0,5.0,0.0,0.0,0.0,0.0,0.0,0.0,0.0,0.0,0.0,0.0,0.0,0.0,0.0,0.0,0.0,0.0,0.0,0.0,0.0,0.0,0.0,0.0,0.0,0.0,0.0,0.0,0.0,0.0,0.0,0.0,0.0,0.0,,0.0,0.0,0.0,0.0,0.0,0.0,6.0,0.0,0.0,1.0,100.0,0.0,0.0,6.0,0.0,1.0,0.0,5.0,,
Pau Cabanes,2425,es ESP,Spain,"MF,FW",Centre-Forward,19,10,0,163.0,1.8,1.0,0.0,1.0,1.0,0.0,0.0,0.0,0.0,0.5,0.5,0.4,0.9,10.0,11.0,33.0,0.55,0.0,0.55,0.55,0.55,0.26,0.22,0.47,0.26,0.47,4.0,2.0,50.0,2.21,1.1,0.25,0.5,14.2,0.0,0.12,0.5,0.5,60.0,84.0,71.4,897.0,192.0,37.0,45.0,82.2,21.0,29.0,72.4,1.0,3.0,33.3,0.2,-0.4,4.0,1.0,3.0,0.0,83.0,1.0,1.0,0.0,6.0,0.0,1.0,0.0,0.0,0.0,0.0,4.0,12.0,6.63,8.0,0.0,1.0,3.0,0.0,2.0,1.1,1.0,0.0,0.0,0.0,1.0,0.0,4.0,4.0,0.0,3.0,1.0,3.0,75.0,1.0,5.0,3.0,7.0,2.0,1.0,122.0,2.0,11.0,5.0,41.7,6.0,50.0,74.0,5.0,8.0,3.0,89.0,800000.0,Villarreal CF
Pau Navarro,2425,es ESP,Spain,DF,Centre-Back,19,17,8,916.0,10.2,0.0,0.0,0.0,0.0,0.0,0.0,1.0,0.0,0.0,0.0,0.0,0.0,3.0,40.0,7.0,0.0,0.0,0.0,0.0,0.0,0.0,0.0,0.0,0.0,0.0,1.0,0.0,0.0,0.1,0.0,0.0,,30.4,0.0,0.01,0.0,0.0,517.0,577.0,89.6,8684.0,3122.0,231.0,248.0,93.1,244.0,264.0,92.4,31.0,48.0,64.6,0.2,0.0,1.0,28.0,1.0,0.0,497.0,78.0,0.0,2.0,2.0,59.0,0.0,0.0,0.0,0.0,2.0,2.0,6.0,0.59,6.0,0.0,0.0,0.0,0.0,1.0,0.1,1.0,0.0,0.0,0.0,0.0,0.0,23.0,17.0,15.0,6.0,2.0,19.0,48.7,20.0,7.0,4.0,27.0,41.0,0.0,668.0,51.0,2.0,3.0,42.9,4.0,57.1,322.0,0.0,4.0,4.0,403.0,3000000.0,Villarreal CF
Pau Torres,2223,es ESP,Spain,DF,Centre-Back,25,34,34,3054.0,33.9,1.0,0.0,1.0,1.0,0.0,0.0,10.0,0.0,2.4,2.4,1.0,3.5,76.0,197.0,12.0,0.03,0.0,0.03,0.03,0.03,0.07,0.03,0.1,0.07,0.1,12.0,5.0,41.7,0.35,0.15,0.08,0.2,9.5,0.0,0.2,-1.4,-1.4,1855.0,2179.0,85.1,37186.0,12825.0,632.0,680.0,92.9,934.0,1024.0,91.2,262.0,414.0,63.3,1.4,-1.0,14.0,187.0,14.0,1.0,2034.0,141.0,8.0,49.0,4.0,8.0,0.0,0.0,0.0,0.0,4.0,15.0,41.0,1.21,34.0,0.0,0.0,3.0,0.0,1.0,0.03,0.0,0.0,0.0,0.0,1.0,0.0,43.0,25.0,25.0,13.0,5.0,23.0,63.9,13.0,9.0,13.0,56.0,146.0,3.0,2495.0,361.0,32.0,26.0,74.3,7.0,20.0,1573.0,0.0,22.0,4.0,1708.0,45000000.0,Villarreal CF
Pepe Reina,2223,es ESP,Spain,GK,Goalkeeper,39,22,22,1980.0,22.0,0.0,0.0,0.0,0.0,0.0,0.0,2.0,0.0,0.0,0.0,0.7,0.7,0.0,0.0,0.0,0.0,0.0,0.0,0.0,0.0,0.0,0.03,0.03,0.0,0.03,0.0,0.0,,0.0,0.0,,,,0.0,,0.0,0.0,685.0,855.0,80.1,16159.0,10999.0,142.0,145.0,97.9,400.0,405.0,98.8,143.0,303.0,47.2,0.0,-0.7,1.0,5.0,0.0,0.0,678.0,176.0,0.0,2.0,0.0,0.0,0.0,0.0,0.0,0.0,1.0,1.0,0.0,0.0,0.0,0.0,0.0,0.0,0.0,0.0,0.0,0.0,0.0,0.0,0.0,0.0,0.0,0.0,0.0,0.0,0.0,0.0,0.0,0.0,1.0,0.0,1.0,1.0,4.0,4.0,900.0,744.0,0.0,1.0,100.0,0.0,0.0,541.0,0.0,0.0,0.0,455.0,700000.0,Villarreal CF
Pepe Reina,2324,es ESP,,GK,,40,2,2,180.0,2.0,0.0,0.0,0.0,0.0,0.0,0.0,2.0,1.0,0.0,0.0,0.0,0.0,0.0,0.0,0.0,0.0,0.0,0.0,0.0,0.0,0.0,0.0,0.0,0.0,0.0,0.0,0.0,,0.0,0.0,,,,0.0,,0.0,0.0,57.0,69.0,82.6,1467.0,1057.0,11.0,11.0,100.0,32.0,32.0,100.0,14.0,26.0,53.8,0.0,0.0,0.0,2.0,0.0,0.0,55.0,14.0,0.0,0.0,0.0,0.0,0.0,0.0,0.0,0.0,0.0,0.0,0.0,0.0,0.0,0.0,0.0,0.0,0.0,0.0,0.0,0.0,0.0,0.0,0.0,0.0,0.0,0.0,0.0,0.0,0.0,0.0,0.0,,0.0,0.0,0.0,0.0,1.0,0.0,73.0,69.0,0.0,0.0,,0.0,,47.0,0.0,0.0,0.0,39.0,,
Pervis Estupiñán,2223,ec ECU,Ecuador,"DF,MF",Left-Back,24,0,0,,,,,,,,,,,,,,,,,,,,,,,,,,,,,,,,,,,,,,,,,,,,,,,,,,,,,,,,,,,,,,,,,,,,,,,,,,,,,,,,,,,,,,,,,,,,,,,,,,,,,,,,,,,,,,,,32000000.0,Villarreal CF
Ramón Terrats,2223,es ESP,Spain,MF,Central Midfield,21,16,11,816.0,9.1,1.0,1.0,2.0,1.0,0.0,0.0,1.0,0.0,0.9,0.9,1.5,2.4,21.0,45.0,32.0,0.11,0.11,0.22,0.11,0.22,0.1,0.16,0.26,0.1,0.26,15.0,6.0,40.0,1.65,0.66,0.07,0.17,24.3,0.0,0.06,0.1,0.1,356.0,425.0,83.8,5550.0,1343.0,207.0,222.0,93.2,108.0,131.0,82.4,33.0,50.0,66.0,1.1,-0.5,10.0,30.0,9.0,1.0,399.0,21.0,3.0,6.0,16.0,3.0,13.0,7.0,0.0,0.0,5.0,7.0,20.0,2.21,13.0,2.0,2.0,2.0,1.0,1.0,0.11,1.0,0.0,0.0,0.0,0.0,0.0,15.0,10.0,3.0,8.0,4.0,9.0,52.9,8.0,7.0,8.0,23.0,6.0,2.0,528.0,18.0,16.0,15.0,51.7,13.0,44.8,330.0,2.0,23.0,11.0,399.0,4000000.0,Villarreal CF
Ramón Terrats,2324,es ESP,,"MF,DF",,22,19,6,785.0,8.7,0.0,2.0,2.0,0.0,0.0,0.0,4.0,0.0,0.4,0.4,1.6,1.9,19.0,38.0,54.0,0.0,0.23,0.23,0.0,0.23,0.04,0.18,0.22,0.04,0.22,8.0,1.0,12.5,0.92,0.11,0.0,0.0,21.2,0.0,0.05,-0.4,-0.4,375.0,462.0,81.2,6134.0,1666.0,191.0,213.0,89.7,160.0,179.0,89.4,21.0,46.0,45.7,1.2,0.4,8.0,28.0,6.0,2.0,428.0,31.0,1.0,1.0,28.0,20.0,5.0,1.0,1.0,0.0,3.0,19.0,22.0,2.51,13.0,4.0,1.0,2.0,1.0,3.0,0.34,2.0,0.0,0.0,0.0,1.0,0.0,17.0,13.0,8.0,8.0,1.0,7.0,46.7,8.0,10.0,3.0,20.0,9.0,0.0,560.0,20.0,12.0,11.0,44.0,9.0,36.0,304.0,3.0,12.0,11.0,394.0,,
Ramón Terrats,2425,es ESP,Spain,"MF,FW",Central Midfield,23,11,1,131.0,1.5,0.0,0.0,0.0,0.0,0.0,0.0,1.0,0.0,0.1,0.1,0.3,0.3,1.0,7.0,3.0,0.0,0.0,0.0,0.0,0.0,0.04,0.19,0.22,0.04,0.22,2.0,0.0,0.0,1.37,0.0,0.0,,21.2,0.0,0.03,-0.1,-0.1,64.0,79.0,81.0,1157.0,305.0,28.0,29.0,96.6,27.0,35.0,77.1,7.0,12.0,58.3,0.4,-0.3,1.0,7.0,2.0,1.0,77.0,2.0,1.0,2.0,5.0,0.0,0.0,0.0,0.0,0.0,0.0,2.0,4.0,2.73,2.0,0.0,0.0,1.0,0.0,0.0,0.0,0.0,0.0,0.0,0.0,0.0,0.0,3.0,3.0,1.0,2.0,0.0,2.0,50.0,2.0,2.0,2.0,5.0,3.0,0.0,106.0,8.0,2.0,1.0,16.7,5.0,83.3,64.0,0.0,6.0,2.0,75.0,4000000.0,Villarreal CF
Raúl Albiol,2223,es ESP,Spain,DF,Centre-Back,36,25,24,2119.0,23.5,0.0,0.0,0.0,0.0,0.0,0.0,6.0,0.0,0.1,0.1,0.0,0.1,12.0,100.0,3.0,0.0,0.0,0.0,0.0,0.0,0.0,0.0,0.01,0.0,0.01,2.0,1.0,50.0,0.08,0.04,0.0,0.0,25.2,0.0,0.05,-0.1,-0.1,1303.0,1472.0,88.5,28074.0,10667.0,321.0,349.0,92.0,757.0,811.0,93.3,215.0,287.0,74.9,0.5,0.0,2.0,98.0,5.0,0.0,1428.0,42.0,0.0,15.0,1.0,0.0,0.0,0.0,0.0,0.0,2.0,7.0,12.0,0.51,12.0,0.0,0.0,0.0,0.0,0.0,0.0,0.0,0.0,0.0,0.0,0.0,0.0,25.0,17.0,17.0,6.0,2.0,14.0,77.8,4.0,4.0,14.0,39.0,111.0,0.0,1687.0,223.0,9.0,4.0,57.1,3.0,42.9,1047.0,0.0,11.0,5.0,1152.0,2500000.0,Villarreal CF
Raúl Albiol,2324,es ESP,,DF,,37,26,24,2031.0,22.6,0.0,1.0,1.0,0.0,0.0,0.0,6.0,0.0,0.4,0.4,0.8,1.3,8.0,62.0,0.0,0.0,0.04,0.04,0.0,0.04,0.02,0.04,0.06,0.02,0.06,6.0,1.0,16.7,0.27,0.04,0.0,0.0,9.5,0.0,0.07,-0.4,-0.4,1095.0,1272.0,86.1,22569.0,8497.0,295.0,325.0,90.8,663.0,714.0,92.9,130.0,206.0,63.1,0.6,0.2,3.0,64.0,1.0,0.0,1207.0,61.0,0.0,6.0,0.0,3.0,0.0,0.0,0.0,0.0,4.0,8.0,4.0,0.18,2.0,0.0,0.0,0.0,0.0,1.0,0.04,1.0,0.0,0.0,0.0,0.0,0.0,25.0,14.0,15.0,9.0,1.0,18.0,66.7,9.0,7.0,16.0,41.0,102.0,0.0,1476.0,244.0,14.0,0.0,,0.0,,811.0,0.0,10.0,3.0,1019.0,,
Raúl Albiol,2425,es ESP,Spain,DF,Centre-Back,38,15,14,1188.0,13.2,0.0,0.0,0.0,0.0,0.0,0.0,5.0,0.0,0.1,0.1,0.0,0.1,3.0,34.0,0.0,0.0,0.0,0.0,0.0,0.0,0.01,0.0,0.01,0.01,0.01,2.0,0.0,0.0,0.15,0.0,0.0,,9.6,0.0,0.05,-0.1,-0.1,727.0,813.0,89.4,14582.0,6006.0,213.0,225.0,94.7,433.0,463.0,93.5,76.0,115.0,66.1,0.1,0.0,0.0,26.0,1.0,0.0,778.0,33.0,1.0,4.0,0.0,0.0,0.0,0.0,0.0,0.0,2.0,3.0,5.0,0.38,4.0,0.0,0.0,0.0,0.0,3.0,0.23,3.0,0.0,0.0,0.0,0.0,0.0,10.0,9.0,9.0,1.0,0.0,6.0,60.0,4.0,1.0,6.0,16.0,69.0,1.0,915.0,157.0,3.0,0.0,,0.0,,514.0,0.0,3.0,1.0,652.0,1000000.0,Villarreal CF
Rubén Gómez,2425,es ESP,,GK,,22,0,0,,,,,,,,,,,,,,,,,,,,,,,,,,,,,,,,,,,,,,,,,,,,,,,,,,,,,,,,,,,,,,,,,,,,,,,,,,,,,,,,,,,,,,,,,,,,,,,,,,,,,,,,,,,,,,,,,
Samuel Chukwueze,2223,ng NGA,Nigeria,"FW,MF",Right Winger,23,37,27,2339.0,26.0,6.0,5.0,11.0,6.0,0.0,0.0,1.0,0.0,6.5,6.5,4.3,10.8,133.0,85.0,261.0,0.23,0.19,0.42,0.23,0.42,0.25,0.16,0.41,0.25,0.41,60.0,17.0,28.3,2.31,0.65,0.1,0.35,17.4,0.0,0.11,-0.5,-0.5,697.0,908.0,76.8,10572.0,2312.0,402.0,467.0,86.1,229.0,289.0,79.2,50.0,76.0,65.8,4.4,0.7,44.0,35.0,45.0,7.0,873.0,30.0,9.0,4.0,28.0,15.0,12.0,3.0,0.0,0.0,5.0,32.0,110.0,4.23,75.0,4.0,24.0,4.0,1.0,15.0,0.58,9.0,0.0,5.0,0.0,1.0,0.0,14.0,7.0,7.0,2.0,5.0,7.0,30.4,16.0,13.0,12.0,26.0,16.0,0.0,1241.0,15.0,143.0,86.0,48.3,76.0,42.7,876.0,71.0,66.0,29.0,974.0,25000000.0,Villarreal CF
Santi Comesaña,2324,es ESP,,MF,,26,27,20,1653.0,18.4,2.0,0.0,2.0,2.0,0.0,0.0,8.0,2.0,1.9,1.9,2.0,3.8,23.0,92.0,48.0,0.11,0.0,0.11,0.11,0.11,0.1,0.11,0.21,0.1,0.21,17.0,7.0,41.2,0.93,0.38,0.12,0.29,13.0,0.0,0.11,0.1,0.1,752.0,868.0,86.6,12845.0,3509.0,358.0,396.0,90.4,319.0,360.0,88.6,58.0,78.0,74.4,1.3,-2.0,12.0,80.0,8.0,0.0,842.0,24.0,2.0,7.0,5.0,1.0,0.0,0.0,0.0,0.0,2.0,8.0,37.0,2.02,31.0,1.0,0.0,1.0,1.0,3.0,0.16,2.0,0.0,0.0,1.0,0.0,0.0,44.0,26.0,15.0,21.0,8.0,19.0,50.0,19.0,24.0,22.0,66.0,27.0,1.0,1077.0,61.0,32.0,21.0,65.6,11.0,34.4,510.0,7.0,22.0,19.0,734.0,,
Santi Comesaña,2425,es ESP,Spain,MF,Central Midfield,27,35,30,2560.0,28.4,4.0,2.0,6.0,4.0,0.0,0.0,7.0,0.0,4.6,4.6,2.0,6.6,39.0,154.0,58.0,0.14,0.07,0.21,0.14,0.21,0.16,0.07,0.23,0.16,0.23,39.0,8.0,20.5,1.37,0.28,0.1,0.5,13.1,0.0,0.12,-0.6,-0.6,1163.0,1374.0,84.6,19630.0,6350.0,541.0,605.0,89.4,505.0,562.0,89.9,89.0,137.0,65.0,2.6,0.0,27.0,143.0,30.0,3.0,1340.0,26.0,7.0,10.0,14.0,2.0,0.0,0.0,0.0,0.0,8.0,22.0,78.0,2.74,69.0,2.0,1.0,0.0,4.0,11.0,0.39,9.0,0.0,0.0,1.0,0.0,1.0,85.0,49.0,44.0,32.0,9.0,42.0,55.3,34.0,34.0,19.0,104.0,56.0,1.0,1734.0,110.0,64.0,18.0,52.9,14.0,41.2,903.0,6.0,35.0,44.0,1149.0,8000000.0,Villarreal CF
Sergi Cardona,2425,es ESP,Spain,DF,Left-Back,25,35,34,2945.0,32.7,1.0,7.0,8.0,1.0,0.0,0.0,11.0,0.0,2.4,2.4,5.8,8.2,52.0,77.0,198.0,0.03,0.21,0.24,0.03,0.24,0.07,0.18,0.25,0.07,0.25,20.0,6.0,30.0,0.61,0.18,0.05,0.17,13.7,0.0,0.12,-1.4,-1.4,1126.0,1457.0,77.3,18658.0,6599.0,549.0,632.0,86.9,486.0,593.0,82.0,74.0,159.0,46.5,4.6,1.2,45.0,62.0,46.0,26.0,1206.0,245.0,2.0,2.0,111.0,221.0,1.0,0.0,0.0,0.0,6.0,39.0,79.0,2.41,71.0,3.0,1.0,0.0,0.0,13.0,0.4,13.0,0.0,0.0,0.0,0.0,0.0,71.0,48.0,44.0,20.0,7.0,49.0,62.0,30.0,45.0,40.0,111.0,122.0,1.0,1842.0,131.0,63.0,10.0,33.3,16.0,53.3,813.0,10.0,24.0,11.0,952.0,10000000.0,Villarreal CF
Sergio Carreira,2223,es ESP,Spain,"DF,MF",Right-Back,21,0,0,,,,,,,,,,,,,,,,,,,,,,,,,,,,,,,,,,,,,,,,,,,,,,,,,,,,,,,,,,,,,,,,,,,,,,,,,,,,,,,,,,,,,,,,,,,,,,,,,,,,,,,,,,,,,,,,1500000.0,Villarreal CF
Stefan Lekovic,2324,rs SRB,,DF,,19,1,0,29.0,0.3,0.0,0.0,0.0,0.0,0.0,0.0,0.0,0.0,0.0,0.0,0.0,0.0,0.0,0.0,0.0,0.0,0.0,0.0,0.0,0.0,0.0,0.0,0.0,0.0,0.0,0.0,0.0,,0.0,0.0,,,,0.0,,0.0,0.0,12.0,14.0,85.7,210.0,29.0,7.0,8.0,87.5,3.0,4.0,75.0,2.0,2.0,100.0,0.0,0.0,0.0,0.0,0.0,0.0,14.0,0.0,0.0,0.0,0.0,0.0,0.0,0.0,0.0,0.0,0.0,0.0,0.0,0.0,0.0,0.0,0.0,0.0,0.0,0.0,0.0,0.0,0.0,0.0,0.0,0.0,0.0,0.0,0.0,0.0,0.0,0.0,0.0,,0.0,0.0,0.0,0.0,1.0,0.0,16.0,5.0,0.0,0.0,,0.0,,4.0,0.0,0.0,0.0,11.0,,
Tajon Buchanan,2425,ca CAN,,MF,,25,13,4,416.0,4.6,1.0,2.0,3.0,1.0,0.0,0.0,2.0,0.0,0.9,0.9,0.5,1.4,19.0,5.0,45.0,0.22,0.43,0.65,0.22,0.65,0.19,0.12,0.31,0.19,0.31,7.0,2.0,28.6,1.51,0.43,0.14,0.5,18.6,0.0,0.13,0.1,0.1,106.0,144.0,73.6,1431.0,338.0,70.0,86.0,81.4,22.0,31.0,71.0,7.0,12.0,58.3,0.5,1.5,5.0,2.0,4.0,1.0,136.0,7.0,0.0,0.0,16.0,6.0,0.0,0.0,0.0,0.0,1.0,4.0,13.0,2.8,9.0,1.0,1.0,1.0,0.0,2.0,0.43,2.0,0.0,0.0,0.0,0.0,0.0,10.0,5.0,6.0,4.0,0.0,6.0,66.7,3.0,6.0,1.0,11.0,1.0,0.0,223.0,2.0,25.0,10.0,45.5,7.0,31.8,133.0,6.0,18.0,7.0,138.0,,
Thiago Ojeda,2425,ar ARG,,MF,,21,1,0,8.0,0.1,0.0,0.0,0.0,0.0,0.0,0.0,1.0,0.0,0.0,0.0,0.0,0.0,1.0,2.0,0.0,0.0,0.0,0.0,0.0,0.0,0.12,0.0,0.12,0.12,0.12,1.0,0.0,0.0,11.25,0.0,0.0,,31.3,0.0,0.01,0.0,0.0,7.0,8.0,87.5,103.0,15.0,4.0,4.0,100.0,3.0,4.0,75.0,0.0,0.0,,0.0,0.0,0.0,1.0,0.0,0.0,8.0,0.0,0.0,0.0,1.0,0.0,0.0,0.0,0.0,0.0,0.0,0.0,0.0,0.0,0.0,0.0,0.0,0.0,0.0,0.0,0.0,0.0,0.0,0.0,0.0,0.0,0.0,0.0,0.0,0.0,0.0,0.0,0.0,,0.0,0.0,0.0,0.0,1.0,0.0,11.0,1.0,0.0,0.0,,0.0,,5.0,0.0,1.0,0.0,7.0,,
Thierno Barry,2425,fr FRA,France,FW,Centre-Forward,21,35,25,2323.0,25.8,11.0,4.0,15.0,10.0,1.0,1.0,4.0,0.0,12.5,11.7,2.9,14.6,44.0,27.0,124.0,0.43,0.15,0.58,0.39,0.54,0.48,0.11,0.6,0.45,0.57,71.0,24.0,33.8,2.75,0.93,0.14,0.42,12.0,0.0,0.17,-1.5,-1.7,209.0,337.0,62.0,2946.0,546.0,118.0,172.0,68.6,70.0,116.0,60.3,9.0,19.0,47.4,2.0,1.1,23.0,14.0,12.0,1.0,328.0,9.0,4.0,1.0,5.0,0.0,0.0,0.0,0.0,0.0,0.0,8.0,46.0,1.78,32.0,0.0,3.0,3.0,2.0,6.0,0.23,5.0,0.0,1.0,0.0,0.0,0.0,11.0,8.0,2.0,5.0,4.0,4.0,40.0,6.0,13.0,0.0,11.0,19.0,0.0,624.0,22.0,126.0,18.0,36.0,25.0,50.0,347.0,25.0,86.0,27.0,485.0,20000000.0,Villarreal CF
Willy Kambwala,2425,fr FRA,France,DF,Centre-Back,19,19,12,1117.0,12.4,0.0,0.0,0.0,0.0,0.0,0.0,1.0,1.0,0.3,0.3,0.1,0.5,2.0,16.0,0.0,0.0,0.0,0.0,0.0,0.0,0.03,0.01,0.04,0.03,0.04,4.0,1.0,25.0,0.32,0.08,0.0,0.0,11.1,0.0,0.08,-0.3,-0.3,521.0,594.0,87.7,9621.0,3410.0,192.0,207.0,92.8,284.0,301.0,94.4,40.0,72.0,55.6,0.1,-0.1,1.0,9.0,1.0,0.0,538.0,52.0,0.0,2.0,0.0,13.0,0.0,0.0,0.0,0.0,4.0,5.0,5.0,0.4,3.0,0.0,0.0,0.0,0.0,0.0,0.0,0.0,0.0,0.0,0.0,0.0,0.0,17.0,12.0,14.0,2.0,1.0,10.0,83.3,2.0,3.0,10.0,27.0,56.0,1.0,706.0,118.0,6.0,5.0,100.0,0.0,0.0,367.0,1.0,9.0,5.0,463.0,4000000.0,Villarreal CF
Yeremi Pino,2223,es ESP,Spain,"FW,MF",Right Winger,19,36,31,2447.0,27.2,4.0,6.0,10.0,4.0,0.0,0.0,8.0,0.0,8.0,8.0,5.7,13.7,65.0,62.0,256.0,0.15,0.22,0.37,0.15,0.37,0.29,0.21,0.5,0.29,0.5,50.0,19.0,38.0,1.84,0.7,0.08,0.21,13.2,0.0,0.16,-4.0,-4.0,651.0,845.0,77.0,8933.0,1516.0,412.0,474.0,86.9,184.0,228.0,80.7,31.0,49.0,63.3,4.5,0.3,44.0,18.0,24.0,2.0,818.0,16.0,5.0,2.0,20.0,5.0,5.0,0.0,0.0,0.0,11.0,41.0,87.0,3.2,61.0,1.0,8.0,6.0,0.0,9.0,0.33,7.0,0.0,0.0,2.0,0.0,0.0,62.0,38.0,25.0,20.0,17.0,21.0,37.5,35.0,37.0,15.0,77.0,36.0,0.0,1173.0,37.0,149.0,48.0,51.1,34.0,36.2,736.0,38.0,57.0,39.0,850.0,40000000.0,Villarreal CF
Yeremi Pino,2324,es ESP,,"MF,FW",,20,7,7,475.0,5.3,0.0,0.0,0.0,0.0,0.0,0.0,4.0,0.0,1.4,1.4,0.2,1.7,11.0,10.0,49.0,0.0,0.0,0.0,0.0,0.0,0.27,0.05,0.31,0.27,0.31,9.0,4.0,44.4,1.71,0.76,0.0,0.0,12.5,0.0,0.16,-1.4,-1.4,137.0,171.0,80.1,2032.0,432.0,81.0,95.0,85.3,42.0,48.0,87.5,11.0,17.0,64.7,0.5,-0.2,5.0,3.0,6.0,1.0,164.0,5.0,2.0,0.0,7.0,4.0,0.0,0.0,0.0,0.0,2.0,1.0,13.0,2.46,10.0,0.0,1.0,0.0,0.0,0.0,0.0,0.0,0.0,0.0,0.0,0.0,0.0,25.0,18.0,12.0,10.0,3.0,9.0,50.0,9.0,10.0,5.0,30.0,5.0,0.0,261.0,8.0,22.0,9.0,52.9,6.0,35.3,156.0,8.0,16.0,9.0,166.0,,
Yeremi Pino,2425,es ESP,Spain,"MF,FW",Right Winger,21,34,25,1934.0,21.5,4.0,7.0,11.0,4.0,0.0,0.0,11.0,0.0,3.9,3.9,5.3,9.2,42.0,66.0,213.0,0.19,0.33,0.51,0.19,0.51,0.18,0.25,0.43,0.18,0.43,29.0,8.0,27.6,1.35,0.37,0.14,0.5,12.8,0.0,0.13,0.1,0.1,523.0,708.0,73.9,7895.0,2225.0,298.0,366.0,81.4,181.0,229.0,79.0,29.0,45.0,64.4,3.8,1.7,37.0,35.0,32.0,8.0,699.0,9.0,6.0,1.0,47.0,7.0,1.0,0.0,0.0,0.0,0.0,43.0,67.0,3.12,53.0,0.0,5.0,3.0,1.0,11.0,0.51,8.0,0.0,0.0,2.0,1.0,0.0,60.0,32.0,20.0,32.0,8.0,32.0,49.2,33.0,35.0,8.0,68.0,18.0,0.0,986.0,30.0,104.0,25.0,43.1,25.0,43.1,565.0,21.0,52.0,23.0,668.0,30000000.0,Villarreal CF
Yerson Mosquera,2324,co COL,,DF,,22,16,14,1229.0,13.7,2.0,1.0,3.0,2.0,0.0,0.0,4.0,0.0,1.6,1.6,0.3,1.9,8.0,36.0,12.0,0.15,0.07,0.22,0.15,0.22,0.11,0.02,0.14,0.11,0.14,10.0,4.0,40.0,0.73,0.29,0.2,0.5,8.4,0.0,0.16,0.4,0.4,628.0,734.0,85.6,11494.0,3926.0,225.0,246.0,91.5,350.0,373.0,93.8,45.0,89.0,50.6,0.5,0.7,5.0,32.0,3.0,2.0,659.0,74.0,1.0,4.0,7.0,28.0,0.0,0.0,0.0,0.0,1.0,13.0,18.0,1.32,15.0,0.0,0.0,3.0,0.0,3.0,0.22,3.0,0.0,0.0,0.0,0.0,0.0,27.0,13.0,18.0,7.0,2.0,12.0,80.0,3.0,10.0,17.0,44.0,65.0,0.0,885.0,142.0,21.0,4.0,40.0,4.0,40.0,438.0,2.0,5.0,4.0,535.0,,
Étienne Capoue,2223,fr FRA,France,MF,Defensive Midfield,34,28,22,1955.0,21.7,3.0,0.0,3.0,3.0,0.0,0.0,4.0,0.0,2.6,2.6,1.2,3.8,45.0,98.0,72.0,0.14,0.0,0.14,0.14,0.14,0.12,0.06,0.18,0.12,0.18,26.0,12.0,46.2,1.2,0.55,0.12,0.25,20.9,1.0,0.11,0.4,0.4,915.0,1043.0,87.7,14387.0,3476.0,469.0,516.0,90.9,362.0,393.0,92.1,52.0,78.0,66.7,1.0,-1.2,10.0,115.0,8.0,1.0,1016.0,27.0,6.0,6.0,9.0,3.0,0.0,0.0,0.0,0.0,0.0,15.0,46.0,2.12,33.0,1.0,2.0,4.0,2.0,4.0,0.18,3.0,0.0,0.0,1.0,0.0,0.0,21.0,12.0,6.0,13.0,2.0,10.0,55.6,8.0,7.0,19.0,40.0,20.0,1.0,1212.0,40.0,24.0,31.0,50.0,22.0,35.5,783.0,10.0,26.0,13.0,948.0,3000000.0,Villarreal CF
Étienne Capoue,2324,fr FRA,,MF,,35,32,15,1455.0,16.2,1.0,1.0,2.0,1.0,0.0,0.0,8.0,0.0,1.0,1.0,0.6,1.6,24.0,80.0,38.0,0.06,0.06,0.12,0.06,0.12,0.06,0.04,0.1,0.06,0.1,14.0,5.0,35.7,0.87,0.31,0.07,0.2,15.0,0.0,0.07,0.0,0.0,699.0,813.0,86.0,11506.0,3135.0,361.0,392.0,92.1,274.0,314.0,87.3,53.0,76.0,69.7,1.0,0.4,9.0,73.0,11.0,1.0,790.0,20.0,3.0,14.0,7.0,5.0,0.0,0.0,0.0,0.0,3.0,10.0,32.0,1.98,26.0,0.0,2.0,3.0,0.0,4.0,0.25,2.0,0.0,1.0,0.0,1.0,0.0,32.0,18.0,17.0,12.0,3.0,15.0,68.2,7.0,16.0,22.0,54.0,24.0,1.0,1020.0,41.0,24.0,22.0,48.9,21.0,46.7,573.0,5.0,32.0,20.0,747.0,,
